t_ms,v_V
-19.56500,-1.13276
-19.06300,-1.13437
-18.56200,-1.13599
-18.06000,-1.13599
-17.55800,-1.13760
-17.05700,-1.13760
-16.55500,-1.13921
-16.05400,-1.13921
-15.55200,-1.14082
-15.05000,-1.14082
-14.54900,-1.14243
-14.04700,-1.14243
-13.54500,-1.14243
-13.04400,-1.14404
-12.54200,-1.14404
-12.04100,-1.14404
-11.53900,-1.14565
-11.03700,-1.14565
-10.53600,-1.14565
-10.03400,-1.14727
-9.53300,-1.14727
-9.03100,-1.14888
-8.52900,-1.14888
-8.02700,-1.14888
-7.52600,-1.14888
-7.02400,-1.14888
-6.52200,-1.14888
-6.02000,-1.14888
-5.51900,-1.15049
-5.01700,-1.15049
-4.51500,-1.15049
-4.01400,-1.14888
-3.51200,-1.14888
-3.01000,-1.14888
-2.50800,-1.14888
-2.00700,-1.14727
-1.50500,-1.14404
-1.00300,-1.14243
-0.50200,-1.13599
0.00000,-1.11021
0.50200,-0.97646
1.00300,-0.77827
1.50500,-0.66387
2.00700,-0.61392
2.50800,-0.57847
3.01000,-0.54946
3.51100,-0.52368
4.01300,-0.50112
4.51500,-0.48179
5.01700,-0.46406
5.51800,-0.44634
6.02000,-0.43184
6.52100,-0.41733
7.02300,-0.40444
7.52400,-0.39155
8.02600,-0.37866
8.52700,-0.36738
9.02900,-0.35449
9.53000,-0.34321
10.03200,-0.33193
10.53400,-0.32065
11.03500,-0.30938
11.53700,-0.29810
12.03900,-0.28843
12.54000,-0.27876
13.04200,-0.26748
13.54300,-0.25942
14.04500,-0.24976
14.54700,-0.24009
15.04800,-0.23203
15.55000,-0.22236
16.05200,-0.21431
16.55300,-0.20786
17.05500,-0.19819
17.55700,-0.19175
18.05800,-0.18369
18.56000,-0.17725
19.06200,-0.17080
19.56400,-0.16436
20.06500,-0.15791
20.56700,-0.15146
21.06800,-0.14663
21.57000,-0.14019
22.07200,-0.13535
22.57400,-0.13052
23.07500,-0.12568
23.57700,-0.11924
24.07800,-0.11440
24.58000,-0.11118
25.08200,-0.10635
25.58300,-0.10312
26.08500,-0.09829
26.58700,-0.09507
27.08800,-0.09185
27.59000,-0.08862
28.09200,-0.08540
28.59400,-0.08057
29.09500,-0.07896
29.59700,-0.07412
30.09900,-0.07251
30.60000,-0.06929
31.10200,-0.06768
31.60400,-0.06606
32.10500,-0.06284
32.60700,-0.05962
33.10800,-0.05801
33.61000,-0.05640
34.11200,-0.05317
34.61300,-0.05317
35.11500,-0.04995
35.61700,-0.04834
36.11900,-0.04673
36.62000,-0.04673
37.12200,-0.04351
37.62400,-0.04351
38.12500,-0.04189
38.62700,-0.04028
39.12900,-0.03867
39.63000,-0.03706
40.13200,-0.03706
40.63300,-0.03545
41.13500,-0.03384
41.63700,-0.03384
42.13900,-0.03223
42.64000,-0.03062
43.14200,-0.03062
43.64400,-0.02900
44.14600,-0.02900
44.64700,-0.02739
45.14900,-0.02739
45.65000,-0.02739
46.15200,-0.02578
46.65400,-0.02578
47.15500,-0.02417
47.65700,-0.02417
48.15900,-0.02417
48.66100,-0.02256
49.16300,-0.02256
49.66400,-0.02095
50.16600,-0.02095
50.66800,-0.02095
51.16900,-0.02095
51.67100,-0.02095
52.17300,-0.01934
52.67500,-0.01934
53.17700,-0.01934
53.67800,-0.01934
54.18000,-0.01772
54.68200,-0.01772
55.18400,-0.01772
55.68500,-0.01772
56.18700,-0.01611
56.68800,-0.01772
57.19000,-0.01611
57.69200,-0.01611
58.19300,-0.01611
58.69500,-0.01611
59.19700,-0.01450
59.69800,-0.01450
60.20000,-0.01611
60.70200,-0.01450
61.20400,-0.01450
61.70500,-0.01450
62.20700,-0.01450
62.70800,-0.01450
63.21000,-0.01450
63.71200,-0.01450
64.21300,-0.01450
64.71500,-0.01289
65.21700,-0.01450
65.71800,-0.01289
66.22000,-0.01289
66.72200,-0.01289
67.22400,-0.01289
67.72600,-0.01289
68.22800,-0.01289
68.73000,-0.01289
69.23100,-0.01289
69.73200,-0.01289
70.23400,-0.01128
70.73500,-0.01128
71.23700,-0.01289
71.73800,-0.01128
72.24000,-0.01128
72.74100,-0.01128
73.24300,-0.01128
73.74400,-0.01128
74.24500,-0.01128
74.74700,-0.01128
75.24900,-0.01128
75.75000,-0.01128
76.25200,-0.01128
76.75400,-0.01128
77.25500,-0.00967
77.75700,-0.01128
78.25900,-0.00967
78.76000,-0.00967
79.26200,-0.00967
79.76300,-0.01128
80.26500,-0.00967
80.76600,-0.00967
81.26800,-0.00967
81.77000,-0.00967
82.27100,-0.00967
82.77300,-0.00967
83.27400,-0.00967
83.77600,-0.00967
84.27700,-0.00967
84.77900,-0.00967
85.28000,-0.00967
85.78200,-0.00967
86.28400,-0.00967
86.78600,-0.00967
87.28700,-0.00967
87.78900,-0.00967
88.29000,-0.00967
88.79200,-0.00967
89.29300,-0.00967
89.79500,-0.00967
90.29600,-0.00967
90.79800,-0.00967
91.29900,-0.00967
91.80100,-0.00967
92.30300,-0.00967
92.80400,-0.00967
93.30600,-0.00967
93.80700,-0.00806
94.30900,-0.00967
94.81000,-0.00967
95.31200,-0.00967
95.81400,-0.00806
96.31500,-0.00967
96.81700,-0.00967
97.31800,-0.00967
97.82000,-0.00967
98.32100,-0.00967
98.82300,-0.00967
99.32400,-0.00967
99.82600,-0.00967
100.32700,-0.00967
100.82900,-0.00806
101.33100,-0.00806
101.83200,-0.00967
102.33400,-0.00806
102.83600,-0.00806
103.33800,-0.00806
103.83900,-0.00806
104.34100,-0.00806
104.84200,-0.00967
105.34400,-0.00806
105.84600,-0.00806
106.34700,-0.00806
106.84900,-0.00806
107.35000,-0.00806
107.85200,-0.00967
108.35400,-0.00967
108.85600,-0.00806
109.35700,-0.00806
109.85900,-0.00806
110.36100,-0.00967
110.86200,-0.00806
111.36400,-0.00806
111.86600,-0.00806
112.36700,-0.00806
112.86900,-0.00806
113.37100,-0.00806
113.87200,-0.00806
114.37400,-0.00806
114.87600,-0.00806
115.37800,-0.00806
115.87900,-0.00806
116.38100,-0.00806
116.88300,-0.00806
117.38500,-0.00806
117.88600,-0.00806
118.38800,-0.00806
118.88900,-0.00806
119.39100,-0.00806
119.89300,-0.00806
120.39400,-0.00806
120.89600,-0.00806
121.39700,-0.00806
121.89900,-0.00806
122.40000,-0.00806
122.90200,-0.00806
123.40400,-0.00806
123.90500,-0.00806
124.40700,-0.00806
124.90900,-0.00806
125.41000,-0.00806
125.91200,-0.00806
126.41400,-0.00806
126.91500,-0.00806
127.41700,-0.00806
127.91800,-0.00806
128.42000,-0.00806
128.92100,-0.00806
129.42300,-0.00806
129.92500,-0.00806
130.42600,-0.00806
130.92800,-0.00806
131.43000,-0.00806
131.93200,-0.00806
132.43300,-0.00806
132.93500,-0.00806
133.43700,-0.00806
133.93800,-0.00806
134.44000,-0.00806
134.94200,-0.00806
135.44400,-0.00806
135.94500,-0.00806
136.44700,-0.00806
136.94900,-0.00806
137.45100,-0.00806
137.95200,-0.00806
138.45400,-0.00806
138.95500,-0.00806
139.45700,-0.00806
139.95800,-0.00806
140.46000,-0.00806
140.96200,-0.00806
141.46300,-0.00806
141.96500,-0.00806
142.46600,-0.00806
142.96800,-0.00806
143.46900,-0.00806
143.97100,-0.00806
144.47200,-0.00806
144.97400,-0.00806
145.47500,-0.00967
145.97700,-0.00806
146.47900,-0.00806
146.98100,-0.00806
147.48200,-0.00806
147.98400,-0.00806
148.48600,-0.00806
148.98700,-0.00806
149.48900,-0.00806
149.99000,-0.00806
