t_s,v_mV
0.00050,-8.05664
0.00552,-6.44531
0.01053,-8.05664
0.01555,-6.44531
0.02057,-6.44531
0.02558,-6.44531
0.03060,-6.44531
0.03561,-8.05664
0.04063,-6.44531
0.04564,-6.44531
0.05066,-6.44531
0.05567,-6.44531
0.06069,-6.44531
0.06571,-6.44531
0.07072,-6.44531
0.07574,-6.44531
0.08076,-6.44531
0.08577,-6.44531
0.09079,-6.44531
0.09581,-6.44531
0.10083,-8.05664
0.10584,-6.44531
0.11086,-6.44531
0.11587,-6.44531
0.12089,-8.05664
0.12590,-8.05664
0.13092,-6.44531
0.13594,-8.05664
0.14095,-6.44531
0.14597,-6.44531
0.15098,-8.05664
0.15600,-8.05664
0.16101,-6.44531
0.16603,-8.05664
0.17104,-6.44531
0.17606,-8.05664
0.18108,-8.05664
0.18609,-8.05664
0.19111,-6.44531
0.19612,-8.05664
0.20114,-6.44531
0.20615,-6.44531
0.21117,-6.44531
0.21619,-6.44531
0.22120,-6.44531
0.22622,-6.44531
0.23124,-6.44531
0.23625,-6.44531
0.24127,-8.05664
0.24629,-6.44531
0.25130,-8.05664
0.25632,-6.44531
0.26134,-6.44531
0.26635,-6.44531
0.27137,-6.44531
0.27639,-6.44531
0.28140,-6.44531
0.28642,-6.44531
0.29143,-6.44531
0.29645,-6.44531
0.30147,-6.44531
0.30648,-6.44531
0.31150,-6.44531
0.31651,-6.44531
0.32153,-6.44531
0.32655,-6.44531
0.33156,-6.44531
0.33658,-6.44531
0.34159,-8.05664
0.34661,-6.44531
0.35163,-6.44531
0.35664,-6.44531
0.36166,-6.44531
0.36668,-6.44531
0.37169,-6.44531
0.37671,-6.44531
0.38173,-6.44531
0.38674,-6.44531
0.39176,-8.05664
0.39678,-6.44531
0.40179,-8.05664
0.40681,-6.44531
0.41182,-6.44531
0.41684,-6.44531
0.42185,-6.44531
0.42687,-8.05664
0.43188,-6.44531
0.43690,-6.44531
0.44192,-6.44531
0.44693,-8.05664
0.45195,-6.44531
0.45696,-6.44531
0.46198,-6.44531
0.46699,-8.05664
0.47201,-6.44531
0.47702,-6.44531
0.48204,-6.44531
0.48706,-6.44531
0.49207,-6.44531
0.49709,-6.44531
0.50210,-6.44531
0.50712,-6.44531
0.51213,-6.44531
0.51715,-6.44531
0.52217,-6.44531
0.52718,-6.44531
0.53220,-6.44531
0.53721,-6.44531
0.54223,-6.44531
0.54725,-6.44531
0.55226,-6.44531
0.55728,-6.44531
0.56230,-6.44531
0.56731,-8.05664
0.57233,-6.44531
0.57734,-6.44531
0.58236,-6.44531
0.58737,-6.44531
0.59239,-6.44531
0.59740,-6.44531
0.60242,-6.44531
0.60744,-6.44531
0.61245,-6.44531
0.61747,-6.44531
0.62248,-6.44531
0.62750,-6.44531
0.63251,-6.44531
0.63753,-6.44531
0.64254,-6.44531
0.64756,-8.05664
0.65258,-6.44531
0.65759,-6.44531
0.66261,-6.44531
0.66762,-8.05664
0.67264,-6.44531
0.67765,-6.44531
0.68267,-6.44531
0.68768,-6.44531
0.69270,-6.44531
0.69772,-6.44531
0.70273,-6.44531
0.70775,-6.44531
0.71277,-6.44531
0.71778,-6.44531
0.72280,-4.83398
0.72781,-6.44531
0.73283,-6.44531
0.73785,-6.44531
0.74286,-6.44531
0.74788,-6.44531
0.75289,-6.44531
0.75791,-6.44531
0.76292,-6.44531
0.76794,-6.44531
0.77295,-6.44531
0.77797,-6.44531
0.78299,-6.44531
0.78800,-6.44531
0.79302,-6.44531
0.79803,-8.05664
0.80305,-6.44531
0.80806,-6.44531
0.81308,-6.44531
0.81810,-6.44531
0.82311,-6.44531
0.82813,-6.44531
0.83314,-6.44531
0.83816,-6.44531
0.84317,-6.44531
0.84819,-6.44531
0.85320,-6.44531
0.85822,-6.44531
0.86324,-6.44531
0.86825,-6.44531
0.87327,-6.44531
0.87829,-6.44531
0.88330,-6.44531
0.88832,-6.44531
0.89333,-6.44531
0.89835,-6.44531
0.90336,-6.44531
0.90838,-6.44531
0.91339,-6.44531
0.91841,-6.44531
0.92343,-6.44531
0.92844,-6.44531
0.93346,-6.44531
0.93847,-6.44531
0.94349,-6.44531
0.94850,-6.44531
0.95352,-6.44531
0.95853,-6.44531
0.96355,-6.44531
0.96857,-6.44531
0.97358,-6.44531
0.97860,-6.44531
0.98361,-8.05664
0.98863,-6.44531
0.99364,-6.44531
0.99866,-6.44531
1.00368,-6.44531
1.00869,-6.44531
1.01371,-6.44531
1.01872,-6.44531
1.02374,-6.44531
1.02876,-6.44531
1.03377,-6.44531
1.03879,-6.44531
1.04380,-6.44531
1.04882,-6.44531
1.05383,-6.44531
1.05885,-6.44531
1.06387,-6.44531
1.06888,-6.44531
1.07390,-8.05664
1.07891,-6.44531
1.08393,-6.44531
1.08894,-6.44531
1.09396,-6.44531
1.09897,-8.05664
1.10399,-6.44531
1.10901,-6.44531
1.11402,-6.44531
1.11904,-6.44531
1.12405,-6.44531
1.12907,-6.44531
1.13408,-6.44531
1.13910,-6.44531
1.14411,-6.44531
1.14913,-8.05664
1.15415,-6.44531
1.15916,-6.44531
1.16418,-6.44531
1.16919,-6.44531
1.17421,-6.44531
1.17923,-6.44531
1.18424,-6.44531
1.18926,-8.05664
1.19427,-6.44531
1.19929,-6.44531
1.20430,-6.44531
1.20932,-6.44531
1.21434,-6.44531
1.21935,-8.05664
1.22437,-8.05664
1.22938,-6.44531
1.23440,-8.05664
1.23941,-6.44531
1.24443,-8.05664
1.24945,-8.05664
1.25446,-6.44531
1.25948,-6.44531
1.26449,-6.44531
1.26951,-6.44531
1.27453,-6.44531
1.27954,-6.44531
1.28456,-6.44531
1.28957,-6.44531
1.29459,-6.44531
1.29960,-6.44531
1.30462,-8.05664
1.30964,-8.05664
1.31465,-6.44531
1.31967,-6.44531
1.32468,-6.44531
1.32970,-6.44531
1.33472,-6.44531
1.33973,-8.05664
1.34475,-6.44531
1.34977,-8.05664
1.35478,-6.44531
1.35980,-6.44531
1.36482,-8.05664
1.36983,-6.44531
1.37485,-6.44531
1.37986,-6.44531
1.38488,-6.44531
1.38989,-6.44531
1.39491,-6.44531
1.39993,-6.44531
1.40494,-6.44531
1.40996,-6.44531
1.41497,-6.44531
1.41999,-8.05664
1.42500,-8.05664
1.43002,-8.05664
1.43504,-8.05664
1.44005,-8.05664
1.44507,-6.44531
1.45008,-8.05664
1.45510,-6.44531
1.46011,-6.44531
1.46513,-6.44531
1.47014,-6.44531
1.47516,-8.05664
1.48018,-8.05664
1.48519,-8.05664
1.49021,-6.44531
1.49522,-6.44531
1.50024,-8.05664
1.50526,-6.44531
1.51027,-6.44531
1.51529,-8.05664
1.52030,-6.44531
1.52532,-6.44531
1.53033,-8.05664
1.53535,-8.05664
1.54036,-8.05664
1.54538,-8.05664
1.55039,-6.44531
1.55541,-8.05664
1.56043,-8.05664
1.56544,-6.44531
1.57046,-6.44531
1.57547,-6.44531
1.58049,-6.44531
1.58550,-6.44531
1.59052,-8.05664
1.59553,-8.05664
1.60055,-8.05664
1.60557,-6.44531
1.61058,-6.44531
1.61560,-6.44531
1.62061,-6.44531
1.62563,-6.44531
1.63064,-8.05664
1.63566,-6.44531
1.64068,-8.05664
1.64569,-8.05664
1.65071,-6.44531
1.65572,-6.44531
1.66074,-6.44531
1.66576,-6.44531
1.67077,-6.44531
1.67579,-6.44531
1.68080,-6.44531
1.68582,-8.05664
1.69083,-6.44531
1.69585,-8.05664
1.70087,-8.05664
1.70588,-8.05664
1.71090,-6.44531
1.71591,-8.05664
1.72093,-8.05664
1.72594,-8.05664
1.73096,-6.44531
1.73598,-8.05664
1.74099,-8.05664
1.74601,-6.44531
1.75102,-8.05664
1.75604,-6.44531
1.76105,-6.44531
1.76607,-6.44531
1.77109,-6.44531
1.77610,-6.44531
1.78112,-8.05664
1.78613,-8.05664
1.79115,-8.05664
1.79616,-6.44531
1.80118,-6.44531
1.80619,-6.44531
1.81121,-6.44531
1.81623,-6.44531
1.82124,-8.05664
1.82626,-6.44531
1.83128,-8.05664
1.83629,-8.05664
1.84131,-6.44531
1.84632,-8.05664
1.85134,-8.05664
1.85635,-8.05664
1.86137,-6.44531
1.86638,-8.05664
1.87140,-8.05664
1.87642,-8.05664
1.88143,-6.44531
1.88645,-8.05664
1.89146,-8.05664
1.89648,-8.05664
1.90150,-6.44531
1.90651,-8.05664
1.91153,-8.05664
1.91654,-8.05664
1.92156,-8.05664
1.92657,-8.05664
1.93159,-6.44531
1.93661,-6.44531
1.94162,-6.44531
1.94664,-6.44531
1.95165,-8.05664
1.95667,-8.05664
1.96168,-8.05664
1.96670,-8.05664
1.97172,-8.05664
1.97673,-8.05664
1.98175,-6.44531
1.98677,-6.44531
1.99178,-8.05664
1.99680,-8.05664
2.00182,-8.05664
2.00683,-6.44531
2.01185,-8.05664
2.01686,-8.05664
2.02188,-8.05664
2.02689,-8.05664
2.03191,-8.05664
2.03693,-8.05664
2.04194,-8.05664
2.04696,-8.05664
2.05197,-8.05664
2.05699,-8.05664
2.06200,-8.05664
2.06702,-8.05664
2.07204,-8.05664
2.07705,-8.05664
2.08207,-8.05664
2.08708,-8.05664
2.09210,-6.44531
2.09711,-8.05664
2.10213,-8.05664
2.10715,-8.05664
2.11216,-8.05664
2.11718,-8.05664
2.12219,-8.05664
2.12721,-8.05664
2.13223,-8.05664
2.13724,-8.05664
2.14226,-8.05664
2.14727,-8.05664
2.15229,-8.05664
2.15731,-8.05664
2.16232,-8.05664
2.16734,-8.05664
2.17235,-8.05664
2.17737,-8.05664
2.18238,-8.05664
2.18740,-8.05664
2.19241,-8.05664
2.19743,-8.05664
2.20244,-8.05664
2.20746,-8.05664
2.21248,-8.05664
2.21749,-8.05664
2.22251,-8.05664
2.22752,-8.05664
2.23254,-8.05664
2.23755,-8.05664
2.24257,-8.05664
2.24759,-8.05664
2.25260,-8.05664
2.25762,-8.05664
2.26263,-8.05664
2.26765,-8.05664
2.27267,-8.05664
2.27768,-8.05664
2.28270,-8.05664
2.28771,-8.05664
2.29273,-8.05664
2.29775,-8.05664
2.30276,-8.05664
2.30778,-8.05664
2.31279,-8.05664
2.31781,-8.05664
2.32283,-8.05664
2.32784,-8.05664
2.33286,-8.05664
2.33787,-8.05664
2.34289,-8.05664
2.34790,-8.05664
2.35292,-8.05664
2.35794,-8.05664
2.36295,-8.05664
2.36797,-8.05664
2.37298,-8.05664
2.37800,-8.05664
2.38302,-8.05664
2.38803,-8.05664
2.39305,-8.05664
2.39806,-8.05664
2.40308,-8.05664
2.40809,-8.05664
2.41311,-8.05664
2.41813,-8.05664
2.42314,-8.05664
2.42816,-8.05664
2.43317,-8.05664
2.43819,-8.05664
2.44321,-8.05664
2.44822,-8.05664
2.45324,-8.05664
2.45826,-8.05664
2.46327,-8.05664
2.46829,-8.05664
2.47330,-8.05664
2.47832,-8.05664
2.48333,-8.05664
2.48835,-8.05664
2.49337,-8.05664
2.49838,-8.05664
2.50340,-8.05664
2.50841,-8.05664
2.51343,-8.05664
2.51844,-8.05664
2.52346,-8.05664
2.52847,-8.05664
2.53349,-8.05664
2.53851,-8.05664
2.54352,-8.05664
2.54854,-8.05664
2.55355,-8.05664
2.55857,-8.05664
2.56358,-8.05664
2.56860,-8.05664
2.57362,-8.05664
2.57863,-8.05664
2.58365,-8.05664
2.58866,-8.05664
2.59368,-8.05664
2.59870,-8.05664
2.60371,-8.05664
2.60873,-8.05664
2.61375,-9.66797
2.61876,-8.05664
2.62378,-8.05664
2.62879,-9.66797
2.63381,-8.05664
2.63882,-9.66797
2.64384,-9.66797
2.64886,-9.66797
2.65387,-9.66797
2.65889,-9.66797
2.66390,-9.66797
2.66892,-9.66797
2.67393,-9.66797
2.67895,-9.66797
2.68396,-9.66797
2.68898,-9.66797
2.69400,-9.66797
2.69901,-9.66797
2.70403,-9.66797
2.70904,-9.66797
2.71406,-9.66797
2.71907,-9.66797
2.72409,-9.66797
2.72911,-9.66797
2.73412,-9.66797
2.73914,-9.66797
2.74415,-11.27930
2.74917,-11.27930
2.75419,-11.27930
2.75920,-9.66797
2.76422,-11.27930
2.76923,-11.27930
2.77425,-11.27930
2.77927,-11.27930
2.78428,-11.27930
2.78930,-11.27930
2.79431,-11.27930
2.79933,-12.89062
2.80434,-12.89062
2.80936,-12.89062
2.81437,-12.89062
2.81939,-12.89062
2.82441,-12.89062
2.82942,-14.50195
2.83444,-12.89062
2.83945,-14.50195
2.84447,-14.50195
2.84948,-14.50195
2.85450,-14.50195
2.85952,-14.50195
2.86453,-14.50195
2.86955,-14.50195
2.87456,-16.11328
2.87958,-16.11328
2.88459,-16.11328
2.88961,-17.72461
2.89463,-17.72461
2.89964,-17.72461
2.90466,-19.33594
2.90967,-19.33594
2.91469,-19.33594
2.91971,-20.94726
2.92472,-20.94726
2.92974,-22.55859
2.93476,-22.55859
2.93977,-22.55859
2.94478,-24.16992
2.94980,-24.16992
2.95482,-25.78125
2.95983,-27.39258
2.96485,-27.39258
2.96986,-27.39258
2.97488,-30.61524
2.97990,-30.61524
2.98491,-32.22656
2.98993,-33.83789
2.99494,-35.44922
2.99996,-35.44922
3.00497,-37.06055
3.00999,-40.28320
3.01500,-41.89453
3.02002,-41.89453
3.02504,-43.50586
3.03005,-45.11719
3.03507,-48.33984
3.04008,-49.95117
3.04510,-51.56250
3.05011,-53.17383
3.05513,-56.39648
3.06015,-58.00781
3.06516,-59.61914
3.07018,-62.84180
3.07519,-66.06445
3.08021,-67.67578
3.08523,-70.89844
3.09024,-74.12109
3.09526,-77.34375
3.10027,-80.56641
3.10529,-83.78906
3.11031,-87.01172
3.11532,-90.23438
3.12034,-93.45703
3.12535,-96.67969
3.13037,-101.51367
3.13538,-104.73633
3.14040,-107.95898
3.14542,-111.18164
3.15043,-116.01562
3.15545,-119.23828
3.16046,-124.07226
3.16548,-128.90625
3.17050,-132.12891
3.17551,-136.96289
3.18053,-140.18555
3.18554,-145.01953
3.19056,-148.24219
3.19558,-153.07617
3.20059,-157.91015
3.20561,-162.74413
3.21062,-165.96680
3.21564,-170.80078
3.22066,-175.63476
3.22567,-180.46875
3.23069,-185.30273
3.23571,-188.52540
3.24072,-194.97070
3.24574,-198.19336
3.25075,-203.02734
3.25577,-207.86132
3.26078,-214.30664
3.26580,-217.52930
3.27082,-220.75196
3.27583,-227.19726
3.28085,-230.41992
3.28587,-235.25390
3.29088,-240.08788
3.29590,-244.92188
3.30092,-249.75586
3.30593,-254.58983
3.31095,-259.42382
3.31597,-262.64647
3.32098,-267.48046
3.32600,-272.31446
3.33102,-277.14843
3.33604,-281.98242
3.34105,-286.81640
3.34607,-291.65038
3.35108,-296.48438
3.35610,-299.70703
3.36112,-304.54102
3.36614,-310.98630
3.37115,-314.20898
3.37617,-319.04295
3.38119,-323.87695
3.38621,-327.09960
3.39122,-333.54490
3.39624,-336.76758
3.40126,-341.60155
3.40628,-346.43555
3.41129,-349.65820
3.41631,-356.10350
3.42133,-359.32615
3.42634,-364.16015
3.43136,-368.99415
3.43638,-373.82810
3.44139,-378.66210
3.44641,-381.88475
3.45143,-385.10743
3.45645,-389.94140
3.46146,-394.77540
3.46648,-396.38670
3.47149,-401.22070
3.47651,-406.05468
3.48153,-409.27735
3.48654,-414.11132
3.49156,-417.33400
3.49658,-422.16796
3.50160,-427.00195
3.50661,-431.83592
3.51163,-436.66992
3.51665,-443.11523
3.52166,-447.94920
3.52668,-456.00584
3.53170,-460.83984
3.53672,-468.89648
3.54173,-475.34180
3.54675,-481.78712
3.55177,-489.84376
3.55678,-496.28904
3.56180,-504.34570
3.56682,-512.40236
3.57183,-520.45900
3.57685,-528.51564
3.58187,-536.57230
3.58688,-543.01757
3.59190,-551.07420
3.59692,-559.13085
3.60193,-567.18750
3.60695,-575.24410
3.61197,-583.30077
3.61698,-591.35740
3.62200,-601.02540
3.62701,-607.47070
3.63203,-617.13870
3.63704,-625.19530
3.64206,-633.25197
3.64708,-641.30860
3.65209,-650.97654
3.65711,-660.64453
3.66212,-668.70120
3.66714,-678.36910
3.67216,-686.42575
3.67717,-696.09374
3.68219,-704.15040
3.68721,-713.81840
3.69222,-723.48630
3.69724,-731.54294
3.70225,-739.59960
3.70727,-749.26760
3.71229,-755.71287
3.71730,-762.15820
3.72232,-770.21486
3.72734,-776.66014
3.73235,-783.10543
3.73737,-789.55080
3.74238,-795.99607
3.74740,-802.44140
3.75241,-807.27535
3.75743,-812.10935
3.76245,-816.94335
3.76746,-821.77734
3.77248,-826.61134
3.77749,-828.22263
3.78251,-833.05660
3.78753,-836.27930
3.79254,-839.50190
3.79756,-844.33590
3.80257,-845.94727
3.80759,-850.78126
3.81260,-852.39255
3.81762,-857.22655
3.82264,-858.83790
3.82765,-862.06055
3.83267,-865.28320
3.83768,-868.50584
3.84270,-871.72850
3.84772,-873.33983
3.85273,-876.56250
3.85775,-879.78510
3.86276,-881.39650
3.86778,-883.00780
3.87279,-884.61910
3.87781,-886.23047
3.88282,-887.84176
3.88784,-891.06447
3.89286,-892.67576
3.89787,-892.67576
3.90289,-894.28710
3.90790,-895.89840
3.91292,-897.50975
3.91793,-897.50975
3.92295,-899.12110
3.92797,-900.73240
3.93298,-903.95504
3.93800,-907.17775
3.94301,-910.40040
3.94803,-916.84570
3.95304,-924.90230
3.95806,-934.57030
3.96307,-947.46095
3.96809,-960.35150
3.97311,-974.85350
3.97812,-990.96680
3.98314,-1007.08010
3.98815,-1024.80470
3.99317,-1040.91800
3.99819,-1055.41990
4.00320,-1068.31050
4.00822,-1079.58980
4.01323,-1090.86910
4.01825,-1100.53710
4.02327,-1111.81640
4.02828,-1119.87300
4.03330,-1126.31830
4.03831,-1131.15230
4.04333,-1135.98630
4.04834,-1137.59770
4.05336,-1139.20890
4.05837,-1142.43160
4.06339,-1144.04300
4.06841,-1145.65430
4.07342,-1147.26560
4.07844,-1148.87690
4.08345,-1148.87690
4.08847,-1148.87690
4.09348,-1150.48830
4.09850,-1150.48830
4.10351,-1150.48830
4.10853,-1150.48830
4.11355,-1152.09960
4.11856,-1152.09960
4.12358,-1152.09960
4.12859,-1152.09960
4.13361,-1153.71100
4.13862,-1152.09960
4.14364,-1152.09960
4.14865,-1152.09960
4.15367,-1152.09960
4.15869,-1152.09960
4.16370,-1152.09960
4.16872,-1152.09960
4.17373,-1152.09960
4.17875,-1152.09960
4.18377,-1152.09960
4.18878,-1152.09960
4.19380,-1152.09960
4.19881,-1152.09960
4.20383,-1150.48830
4.20884,-1152.09960
4.21386,-1150.48830
4.21887,-1152.09960
4.22389,-1152.09960
4.22891,-1150.48830
4.23392,-1150.48830
4.23894,-1150.48830
4.24395,-1150.48830
4.24897,-1150.48830
4.25398,-1150.48830
4.25900,-1150.48830
4.26401,-1150.48830
4.26903,-1150.48830
4.27405,-1150.48830
4.27906,-1148.87690
4.28408,-1148.87690
4.28909,-1148.87690
4.29411,-1148.87690
4.29913,-1148.87690
4.30414,-1148.87690
4.30916,-1148.87690
4.31417,-1147.26560
4.31919,-1145.65430
4.32421,-1147.26560
4.32922,-1147.26560
4.33424,-1145.65430
4.33925,-1145.65430
4.34427,-1145.65430
4.34928,-1144.04300
4.35430,-1145.65430
4.35931,-1144.04300
4.36433,-1145.65430
4.36935,-1144.04300
4.37436,-1144.04300
4.37938,-1144.04300
4.38439,-1144.04300
4.38941,-1144.04300
4.39442,-1144.04300
4.39944,-1142.43160
4.40445,-1142.43160
4.40947,-1142.43160
4.41448,-1144.04300
4.41950,-1142.43160
4.42452,-1142.43160
4.42953,-1142.43160
4.43455,-1142.43160
4.43956,-1142.43160
4.44458,-1142.43160
4.44960,-1142.43160
4.45461,-1142.43160
4.45963,-1142.43160
4.46464,-1142.43160
4.46966,-1142.43160
4.47468,-1142.43160
4.47969,-1142.43160
4.48471,-1142.43160
4.48972,-1142.43160
4.49474,-1142.43160
4.49975,-1140.82030
4.50477,-1140.82030
4.50978,-1140.82030
4.51480,-1140.82030
4.51982,-1140.82030
4.52483,-1140.82030
4.52985,-1140.82030
4.53486,-1139.20890
4.53988,-1139.20890
4.54489,-1139.20890
4.54991,-1139.20890
4.55492,-1139.20890
4.55994,-1139.20890
4.56496,-1139.20890
4.56997,-1137.59770
4.57499,-1137.59770
4.58000,-1139.20890
4.58502,-1137.59770
4.59004,-1137.59770
4.59505,-1137.59770
4.60007,-1137.59770
4.60508,-1135.98630
4.61010,-1135.98630
4.61511,-1135.98630
4.62013,-1135.98630
4.62515,-1137.59770
4.63016,-1135.98630
4.63518,-1137.59770
4.64020,-1137.59770
4.64521,-1135.98630
4.65022,-1137.59770
4.65524,-1137.59770
4.66026,-1135.98630
4.66527,-1135.98630
4.67029,-1135.98630
4.67530,-1135.98630
4.68032,-1135.98630
4.68534,-1135.98630
4.69035,-1135.98630
4.69537,-1135.98630
4.70038,-1135.98630
4.70540,-1134.37500
4.71041,-1134.37500
4.71543,-1135.98630
4.72044,-1134.37500
4.72546,-1134.37500
4.73048,-1134.37500
4.73549,-1134.37500
4.74051,-1134.37500
4.74552,-1134.37500
4.75054,-1134.37500
4.75555,-1134.37500
4.76057,-1134.37500
4.76558,-1134.37500
4.77060,-1134.37500
4.77562,-1134.37500
4.78063,-1134.37500
4.78565,-1134.37500
4.79067,-1134.37500
4.79568,-1134.37500
4.80070,-1134.37500
4.80571,-1134.37500
4.81073,-1134.37500
4.81574,-1134.37500
4.82076,-1134.37500
4.82578,-1134.37500
4.83079,-1134.37500
4.83581,-1134.37500
4.84082,-1135.98630
4.84584,-1134.37500
4.85086,-1134.37500
4.85587,-1134.37500
4.86089,-1134.37500
4.86590,-1134.37500
4.87092,-1134.37500
4.87593,-1134.37500
4.88095,-1134.37500
4.88597,-1134.37500
4.89098,-1134.37500
4.89600,-1134.37500
4.90102,-1134.37500
4.90603,-1134.37500
4.91105,-1134.37500
4.91606,-1134.37500
4.92108,-1134.37500
4.92610,-1134.37500
4.93111,-1134.37500
4.93613,-1134.37500
4.94115,-1134.37500
4.94616,-1134.37500
4.95118,-1134.37500
4.95620,-1134.37500
4.96121,-1132.76360
4.96623,-1132.76360
4.97124,-1132.76360
4.97626,-1132.76360
4.98127,-1132.76360
4.98629,-1132.76360
4.99130,-1132.76360
4.99632,-1132.76360
5.00134,-1132.76360
5.00635,-1132.76360
5.01137,-1132.76360
5.01638,-1132.76360
5.02140,-1132.76360
5.02642,-1132.76360
5.03143,-1132.76360
5.03645,-1132.76360
5.04146,-1132.76360
5.04648,-1132.76360
5.05149,-1132.76360
5.05651,-1132.76360
5.06152,-1132.76360
5.06654,-1132.76360
5.07156,-1132.76360
5.07657,-1132.76360
5.08159,-1134.37500
5.08661,-1132.76360
5.09162,-1132.76360
5.09664,-1132.76360
5.10166,-1132.76360
5.10667,-1134.37500
5.11169,-1132.76360
5.11670,-1132.76360
5.12172,-1134.37500
5.12673,-1132.76360
5.13175,-1132.76360
5.13676,-1132.76360
5.14178,-1132.76360
5.14680,-1132.76360
5.15181,-1132.76360
5.15683,-1132.76360
5.16184,-1131.15230
5.16686,-1131.15230
5.17187,-1131.15230
5.17689,-1131.15230
5.18191,-1131.15230
5.18692,-1131.15230
5.19194,-1131.15230
5.19695,-1131.15230
5.20197,-1129.54100
5.20698,-1129.54100
5.21200,-1129.54100
5.21701,-1129.54100
5.22203,-1129.54100
5.22705,-1129.54100
5.23206,-1127.92970
5.23708,-1127.92970
5.24209,-1127.92970
5.24711,-1127.92970
5.25213,-1127.92970
5.25714,-1127.92970
5.26216,-1127.92970
5.26717,-1127.92970
5.27219,-1127.92970
5.27720,-1126.31830
5.28222,-1126.31830
5.28723,-1127.92970
5.29225,-1127.92970
5.29727,-1126.31830
5.30228,-1126.31830
5.30730,-1126.31830
5.31231,-1126.31830
5.31733,-1126.31830
5.32234,-1124.70700
5.32736,-1124.70700
5.33237,-1124.70700
5.33739,-1124.70700
5.34241,-1124.70700
5.34742,-1124.70700
5.35244,-1124.70700
5.35745,-1124.70700
5.36247,-1123.09560
5.36749,-1124.70700
5.37250,-1124.70700
5.37752,-1123.09560
5.38253,-1124.70700
5.38755,-1124.70700
5.39256,-1124.70700
5.39758,-1124.70700
5.40260,-1124.70700
5.40761,-1124.70700
5.41263,-1124.70700
5.41764,-1124.70700
5.42266,-1124.70700
5.42768,-1124.70700
5.43269,-1124.70700
5.43771,-1124.70700
5.44272,-1124.70700
5.44774,-1124.70700
5.45275,-1124.70700
5.45777,-1124.70700
5.46279,-1124.70700
5.46780,-1123.09560
5.47282,-1124.70700
5.47783,-1123.09560
5.48285,-1123.09560
5.48786,-1123.09560
5.49288,-1123.09560
5.49790,-1123.09560
5.50291,-1123.09560
5.50793,-1123.09560
5.51294,-1123.09560
5.51796,-1123.09560
5.52297,-1121.48440
5.52799,-1123.09560
5.53301,-1123.09560
5.53802,-1123.09560
5.54304,-1123.09560
5.54805,-1123.09560
5.55307,-1123.09560
5.55809,-1123.09560
5.56310,-1121.48440
5.56812,-1121.48440
5.57313,-1121.48440
5.57815,-1121.48440
5.58317,-1121.48440
5.58818,-1121.48440
5.59320,-1121.48440
5.59821,-1121.48440
5.60323,-1119.87300
5.60825,-1119.87300
5.61326,-1119.87300
5.61828,-1119.87300
5.62329,-1119.87300
5.62831,-1119.87300
5.63332,-1119.87300
5.63834,-1119.87300
5.64336,-1119.87300
5.64837,-1119.87300
5.65339,-1119.87300
5.65840,-1121.48440
5.66342,-1121.48440
5.66843,-1121.48440
5.67345,-1119.87300
5.67847,-1121.48440
5.68348,-1121.48440
5.68850,-1121.48440
5.69351,-1119.87300
5.69853,-1121.48440
5.70354,-1119.87300
5.70856,-1119.87300
5.71358,-1119.87300
5.71859,-1119.87300
5.72361,-1119.87300
5.72863,-1118.26170
5.73364,-1118.26170
5.73866,-1118.26170
5.74367,-1118.26170
5.74869,-1116.65030
5.75370,-1116.65030
5.75872,-1116.65030
5.76373,-1116.65030
5.76875,-1116.65030
5.77377,-1116.65030
5.77878,-1116.65030
5.78380,-1116.65030
5.78881,-1116.65030
5.79383,-1116.65030
5.79884,-1116.65030
5.80386,-1116.65030
5.80887,-1116.65030
5.81389,-1116.65030
5.81891,-1116.65030
5.82392,-1116.65030
5.82894,-1116.65030
5.83395,-1116.65030
5.83897,-1116.65030
5.84398,-1116.65030
5.84900,-1116.65030
5.85402,-1116.65030
5.85903,-1116.65030
5.86405,-1118.26170
5.86906,-1116.65030
5.87408,-1116.65030
5.87910,-1116.65030
5.88411,-1118.26170
5.88913,-1118.26170
5.89414,-1118.26170
5.89916,-1118.26170
5.90418,-1118.26170
5.90919,-1118.26170
5.91421,-1118.26170
5.91923,-1116.65030
5.92424,-1118.26170
5.92926,-1118.26170
5.93427,-1118.26170
5.93929,-1116.65030
5.94430,-1116.65030
5.94932,-1116.65030
5.95434,-1116.65030
5.95935,-1118.26170
5.96437,-1116.65030
5.96938,-1116.65030
5.97440,-1116.65030
5.97942,-1116.65030
5.98443,-1116.65030
5.98945,-1116.65030
5.99446,-1116.65030
5.99948,-1116.65030
6.00449,-1116.65030
6.00951,-1116.65030
6.01452,-1116.65030
6.01954,-1116.65030
6.02456,-1116.65030
6.02957,-1116.65030
6.03459,-1115.03900
6.03961,-1115.03900
6.04462,-1115.03900
6.04964,-1115.03900
6.05466,-1115.03900
6.05967,-1115.03900
6.06469,-1115.03900
6.06971,-1113.42780
6.07472,-1113.42780
6.07974,-1113.42780
6.08475,-1113.42780
6.08977,-1113.42780
6.09479,-1113.42780
6.09980,-1111.81640
6.10482,-1111.81640
6.10984,-1110.20500
6.11485,-1110.20500
6.11987,-1111.81640
6.12488,-1110.20500
6.12990,-1110.20500
6.13492,-1110.20500
6.13993,-1110.20500
6.14495,-1108.59370
6.14997,-1108.59370
6.15498,-1106.98240
6.16000,-1106.98240
6.16501,-1106.98240
6.17003,-1106.98240
6.17505,-1106.98240
6.18006,-1106.98240
6.18508,-1106.98240
6.19010,-1105.37110
6.19512,-1106.98240
6.20013,-1106.98240
6.20515,-1105.37110
6.21017,-1105.37110
6.21518,-1105.37110
6.22020,-1103.75980
6.22522,-1103.75980
6.23023,-1105.37110
6.23525,-1105.37110
6.24027,-1105.37110
6.24528,-1103.75980
6.25030,-1103.75980
6.25532,-1103.75980
6.26033,-1103.75980
6.26535,-1103.75980
6.27036,-1103.75980
6.27538,-1103.75980
6.28040,-1103.75980
6.28542,-1103.75980
6.29043,-1103.75980
6.29545,-1103.75980
6.30047,-1103.75980
6.30548,-1103.75980
6.31050,-1103.75980
6.31551,-1103.75980
6.32053,-1103.75980
6.32555,-1102.14840
6.33056,-1102.14840
6.33558,-1103.75980
6.34060,-1102.14840
6.34561,-1102.14840
6.35063,-1102.14840
6.35565,-1102.14840
6.36067,-1102.14840
6.36568,-1102.14840
6.37070,-1102.14840
6.37571,-1100.53710
6.38073,-1100.53710
6.38575,-1100.53710
6.39076,-1100.53710
6.39578,-1100.53710
6.40080,-1100.53710
6.40581,-1100.53710
6.41083,-1100.53710
6.41585,-1100.53710
6.42086,-1100.53710
6.42588,-1100.53710
6.43089,-1100.53710
6.43591,-1100.53710
6.44093,-1100.53710
6.44595,-1100.53710
6.45096,-1100.53710
6.45598,-1102.14840
6.46099,-1102.14840
6.46601,-1100.53710
6.47103,-1100.53710
6.47604,-1100.53710
6.48106,-1100.53710
6.48608,-1100.53710
6.49109,-1100.53710
6.49611,-1100.53710
6.50113,-1100.53710
6.50614,-1100.53710
6.51116,-1100.53710
6.51617,-1100.53710
6.52119,-1100.53710
6.52621,-1100.53710
6.53122,-1100.53710
6.53624,-1100.53710
6.54125,-1100.53710
6.54627,-1100.53710
6.55129,-1100.53710
6.55630,-1100.53710
6.56132,-1100.53710
6.56633,-1100.53710
6.57135,-1100.53710
6.57637,-1098.92570
6.58138,-1100.53710
6.58640,-1100.53710
6.59141,-1098.92570
6.59643,-1098.92570
6.60145,-1098.92570
6.60647,-1100.53710
6.61148,-1098.92570
6.61650,-1098.92570
6.62151,-1098.92570
6.62653,-1098.92570
6.63155,-1097.31450
6.63657,-1097.31450
6.64158,-1097.31450
6.64660,-1097.31450
6.65162,-1095.70310
6.65663,-1095.70310
6.66165,-1094.09180
6.66667,-1092.48040
6.67168,-1090.86910
6.67670,-1090.86910
6.68171,-1089.25780
6.68673,-1087.64650
6.69174,-1087.64650
6.69676,-1087.64650
6.70177,-1090.86910
6.70679,-1094.09180
6.71181,-1102.14840
6.71682,-1110.20500
6.72184,-1121.48440
6.72685,-1131.15230
6.73187,-1140.82030
6.73689,-1145.65430
6.74190,-1150.48830
6.74692,-1135.98630
6.75194,-481.78712
6.75695,-343.21287
6.76197,-240.08788
6.76699,-164.35547
6.77200,-111.18164
6.77702,-74.12109
6.78204,-53.17383
6.78705,-37.06055
6.79207,-27.39258
6.79709,-20.94726
6.80211,-17.72461
6.80712,-14.50195
6.81214,-12.89062
6.81715,-12.89062
6.82217,-11.27930
6.82719,-11.27930
6.83220,-9.66797
6.83722,-9.66797
6.84223,-9.66797
6.84725,-9.66797
6.85227,-9.66797
6.85728,-8.05664
6.86230,-8.05664
6.86732,-8.05664
6.87233,-8.05664
6.87735,-8.05664
6.88237,-8.05664
6.88738,-8.05664
6.89240,-8.05664
6.89741,-8.05664
6.90243,-8.05664
6.90745,-9.66797
6.91246,-8.05664
6.91748,-8.05664
6.92249,-8.05664
6.92751,-8.05664
6.93253,-8.05664
6.93754,-8.05664
6.94256,-8.05664
6.94758,-8.05664
6.95259,-8.05664
6.95761,-8.05664
6.96263,-8.05664
6.96764,-8.05664
6.97266,-8.05664
6.97767,-8.05664
6.98269,-8.05664
6.98771,-8.05664
6.99272,-8.05664
6.99774,-8.05664
7.00275,-8.05664
7.00777,-8.05664
7.01278,-8.05664
7.01780,-8.05664
7.02281,-8.05664
7.02783,-8.05664
7.03285,-9.66797
7.03786,-8.05664
7.04288,-8.05664
7.04789,-8.05664
7.05291,-8.05664
7.05792,-8.05664
7.06294,-8.05664
7.06796,-8.05664
7.07297,-8.05664
7.07799,-8.05664
7.08300,-8.05664
7.08802,-8.05664
7.09303,-8.05664
7.09805,-8.05664
7.10307,-8.05664
7.10808,-8.05664
7.11310,-8.05664
7.11811,-8.05664
7.12313,-8.05664
7.12815,-8.05664
7.13316,-8.05664
7.13818,-8.05664
7.14320,-8.05664
7.14821,-8.05664
7.15323,-8.05664
7.15824,-8.05664
7.16326,-8.05664
7.16827,-8.05664
7.17329,-8.05664
7.17830,-8.05664
7.18332,-8.05664
7.18834,-8.05664
7.19335,-8.05664
7.19837,-8.05664
7.20338,-8.05664
7.20840,-8.05664
7.21341,-8.05664
7.21843,-8.05664
7.22344,-8.05664
7.22846,-8.05664
7.23348,-8.05664
7.23849,-8.05664
7.24351,-8.05664
7.24852,-8.05664
7.25354,-8.05664
7.25856,-8.05664
7.26357,-8.05664
7.26859,-8.05664
7.27360,-8.05664
7.27862,-8.05664
7.28364,-8.05664
7.28865,-8.05664
7.29367,-8.05664
7.29868,-8.05664
7.30370,-8.05664
7.30871,-8.05664
7.31373,-8.05664
7.31874,-8.05664
7.32376,-8.05664
7.32878,-8.05664
7.33379,-8.05664
7.33881,-8.05664
7.34382,-8.05664
7.34884,-8.05664
7.35386,-8.05664
7.35887,-8.05664
7.36389,-8.05664
7.36890,-8.05664
7.37392,-8.05664
7.37893,-8.05664
7.38395,-8.05664
7.38896,-8.05664
7.39398,-8.05664
7.39900,-8.05664
7.40401,-8.05664
7.40903,-8.05664
7.41404,-8.05664
7.41906,-8.05664
7.42408,-8.05664
7.42909,-8.05664
7.43411,-8.05664
7.43912,-8.05664
7.44414,-8.05664
7.44916,-8.05664
7.45417,-8.05664
7.45919,-8.05664
7.46420,-8.05664
7.46922,-8.05664
7.47423,-8.05664
7.47925,-8.05664
7.48426,-8.05664
7.48928,-8.05664
7.49430,-8.05664
7.49931,-8.05664
7.50433,-8.05664
7.50934,-8.05664
7.51436,-8.05664
7.51937,-8.05664
7.52439,-8.05664
7.52940,-8.05664
7.53442,-8.05664
7.53944,-8.05664
7.54445,-8.05664
7.54947,-9.66797
7.55448,-8.05664
7.55950,-8.05664
7.56451,-8.05664
7.56953,-8.05664
7.57454,-8.05664
7.57956,-8.05664
7.58458,-8.05664
7.58959,-8.05664
7.59461,-8.05664
7.59963,-8.05664
7.60464,-8.05664
7.60966,-8.05664
7.61467,-8.05664
7.61969,-8.05664
7.62470,-8.05664
7.62972,-8.05664
7.63473,-8.05664
7.63975,-8.05664
7.64477,-8.05664
7.64978,-8.05664
7.65480,-8.05664
7.65981,-8.05664
7.66483,-8.05664
7.66984,-8.05664
7.67486,-8.05664
7.67988,-8.05664
7.68490,-8.05664
7.68991,-8.05664
7.69493,-8.05664
7.69994,-8.05664
7.70496,-8.05664
7.70998,-8.05664
7.71499,-8.05664
7.72001,-8.05664
7.72502,-8.05664
7.73004,-8.05664
7.73506,-8.05664
7.74007,-8.05664
7.74509,-8.05664
7.75010,-8.05664
7.75512,-8.05664
7.76014,-8.05664
7.76516,-8.05664
7.77017,-8.05664
7.77519,-8.05664
7.78020,-8.05664
7.78522,-8.05664
7.79023,-8.05664
7.79525,-8.05664
7.80027,-8.05664
7.80528,-8.05664
7.81030,-8.05664
7.81532,-8.05664
7.82033,-8.05664
7.82535,-8.05664
7.83036,-8.05664
7.83538,-8.05664
7.84040,-8.05664
7.84541,-8.05664
7.85043,-8.05664
7.85544,-8.05664
7.86046,-8.05664
7.86547,-8.05664
7.87049,-8.05664
7.87551,-8.05664
7.88052,-8.05664
7.88554,-8.05664
7.89055,-8.05664
7.89557,-8.05664
7.90059,-8.05664
7.90560,-8.05664
7.91062,-8.05664
7.91563,-8.05664
7.92065,-8.05664
7.92566,-8.05664
7.93068,-8.05664
7.93569,-8.05664
7.94071,-8.05664
7.94573,-8.05664
7.95074,-8.05664
7.95576,-8.05664
7.96077,-8.05664
7.96579,-8.05664
7.97080,-8.05664
7.97582,-8.05664
7.98083,-9.66797
7.98585,-8.05664
7.99087,-8.05664
7.99588,-9.66797
8.00090,-8.05664
8.00591,-8.05664
8.01093,-8.05664
8.01594,-8.05664
8.02096,-8.05664
8.02598,-8.05664
8.03099,-8.05664
8.03601,-9.66797
8.04102,-8.05664
8.04604,-8.05664
8.05105,-8.05664
8.05607,-9.66797
8.06109,-8.05664
8.06610,-8.05664
8.07112,-8.05664
8.07614,-8.05664
8.08115,-8.05664
8.08617,-8.05664
8.09118,-8.05664
8.09620,-8.05664
8.10121,-8.05664
8.10623,-8.05664
8.11124,-8.05664
8.11626,-8.05664
8.12128,-8.05664
8.12629,-8.05664
8.13131,-8.05664
8.13632,-8.05664
8.14134,-8.05664
8.14635,-8.05664
8.15137,-8.05664
8.15638,-8.05664
8.16140,-8.05664
8.16642,-8.05664
8.17143,-8.05664
8.17645,-8.05664
8.18146,-8.05664
8.18648,-8.05664
8.19149,-8.05664
8.19651,-8.05664
8.20153,-8.05664
8.20654,-8.05664
8.21156,-8.05664
8.21657,-8.05664
8.22159,-8.05664
8.22660,-8.05664
8.23162,-8.05664
8.23664,-8.05664
8.24165,-8.05664
8.24667,-8.05664
8.25168,-8.05664
8.25670,-8.05664
8.26171,-8.05664
8.26673,-8.05664
8.27174,-8.05664
8.27676,-8.05664
8.28178,-8.05664
8.28679,-8.05664
8.29181,-8.05664
8.29682,-8.05664
8.30184,-8.05664
8.30685,-8.05664
8.31187,-8.05664
8.31688,-8.05664
8.32190,-8.05664
8.32692,-8.05664
8.33193,-8.05664
8.33695,-8.05664
8.34196,-8.05664
8.34698,-8.05664
8.35199,-8.05664
8.35701,-8.05664
8.36203,-8.05664
8.36704,-8.05664
8.37206,-8.05664
8.37707,-8.05664
8.38209,-8.05664
8.38711,-8.05664
8.39212,-8.05664
8.39714,-8.05664
8.40215,-8.05664
8.40717,-8.05664
8.41218,-8.05664
8.41720,-8.05664
8.42221,-8.05664
8.42723,-8.05664
8.43225,-8.05664
8.43726,-8.05664
8.44228,-8.05664
8.44729,-8.05664
8.45231,-8.05664
8.45732,-8.05664
8.46234,-8.05664
8.46736,-8.05664
8.47237,-8.05664
8.47739,-8.05664
8.48240,-8.05664
8.48742,-8.05664
8.49243,-8.05664
8.49745,-8.05664
8.50247,-8.05664
8.50748,-8.05664
8.51250,-8.05664
8.51751,-8.05664
8.52253,-8.05664
8.52754,-8.05664
8.53256,-8.05664
8.53758,-8.05664
8.54259,-8.05664
8.54761,-8.05664
8.55262,-8.05664
8.55764,-8.05664
8.56265,-8.05664
8.56767,-8.05664
8.57268,-8.05664
8.57770,-8.05664
8.58272,-8.05664
8.58773,-8.05664
8.59275,-8.05664
8.59776,-8.05664
8.60278,-8.05664
8.60779,-8.05664
8.61281,-8.05664
8.61783,-8.05664
8.62284,-8.05664
8.62786,-8.05664
8.63287,-8.05664
8.63789,-8.05664
8.64290,-8.05664
8.64792,-8.05664
8.65293,-8.05664
8.65795,-8.05664
8.66297,-8.05664
8.66798,-8.05664
8.67300,-8.05664
8.67801,-8.05664
8.68303,-8.05664
8.68805,-8.05664
8.69306,-8.05664
8.69808,-8.05664
8.70309,-8.05664
8.70811,-9.66797
8.71312,-8.05664
8.71814,-8.05664
8.72316,-8.05664
8.72817,-8.05664
8.73319,-8.05664
8.73820,-8.05664
8.74322,-8.05664
8.74823,-8.05664
8.75325,-8.05664
8.75826,-8.05664
8.76328,-8.05664
8.76830,-8.05664
8.77331,-8.05664
8.77833,-8.05664
8.78334,-8.05664
8.78836,-8.05664
8.79337,-8.05664
8.79839,-8.05664
8.80340,-8.05664
8.80842,-8.05664
8.81344,-8.05664
8.81845,-8.05664
8.82347,-8.05664
8.82848,-8.05664
8.83350,-8.05664
8.83851,-8.05664
8.84353,-8.05664
8.84855,-8.05664
8.85356,-8.05664
8.85858,-8.05664
8.86360,-8.05664
8.86861,-8.05664
8.87363,-8.05664
8.87864,-8.05664
8.88366,-8.05664
8.88867,-8.05664
8.89369,-8.05664
8.89870,-8.05664
8.90372,-8.05664
8.90874,-8.05664
8.91375,-8.05664
8.91877,-8.05664
8.92378,-8.05664
8.92880,-8.05664
8.93381,-8.05664
8.93883,-8.05664
8.94384,-8.05664
8.94886,-8.05664
8.95388,-8.05664
8.95889,-8.05664
8.96391,-8.05664
8.96892,-8.05664
8.97394,-8.05664
8.97895,-8.05664
8.98397,-8.05664
8.98898,-8.05664
8.99400,-8.05664
8.99902,-8.05664
9.00403,-8.05664
9.00905,-8.05664
9.01407,-8.05664
9.01908,-8.05664
9.02410,-8.05664
9.02911,-8.05664
9.03413,-8.05664
9.03914,-8.05664
9.04416,-8.05664
9.04917,-8.05664
9.05419,-8.05664
9.05921,-8.05664
9.06422,-8.05664
9.06924,-8.05664
9.07425,-8.05664
9.07927,-8.05664
9.08428,-8.05664
9.08930,-8.05664
9.09431,-8.05664
9.09933,-8.05664
9.10435,-9.66797
9.10936,-8.05664
9.11438,-8.05664
9.11939,-8.05664
9.12441,-8.05664
9.12942,-8.05664
9.13444,-8.05664
9.13946,-8.05664
9.14447,-8.05664
9.14949,-8.05664
9.15450,-8.05664
9.15952,-8.05664
9.16454,-8.05664
9.16955,-8.05664
9.17457,-8.05664
9.17958,-8.05664
9.18460,-8.05664
9.18961,-8.05664
9.19463,-8.05664
9.19965,-6.44531
9.20466,-8.05664
9.20968,-8.05664
9.21469,-8.05664
9.21971,-8.05664
9.22472,-8.05664
9.22974,-8.05664
9.23475,-8.05664
9.23977,-8.05664
9.24479,-8.05664
9.24980,-8.05664
9.25482,-8.05664
9.25983,-8.05664
9.26485,-8.05664
9.26986,-8.05664
9.27488,-8.05664
9.27989,-8.05664
9.28491,-8.05664
9.28993,-8.05664
9.29494,-8.05664
9.29996,-8.05664
9.30497,-8.05664
9.30999,-8.05664
9.31500,-8.05664
9.32002,-8.05664
9.32504,-8.05664
9.33005,-8.05664
9.33507,-8.05664
9.34009,-8.05664
9.34510,-8.05664
9.35012,-8.05664
9.35513,-8.05664
9.36015,-8.05664
9.36516,-8.05664
9.37018,-8.05664
9.37519,-8.05664
9.38021,-8.05664
9.38522,-8.05664
9.39024,-8.05664
9.39526,-8.05664
9.40027,-8.05664
9.40529,-8.05664
9.41030,-8.05664
9.41532,-8.05664
9.42033,-8.05664
9.42535,-8.05664
9.43036,-8.05664
9.43538,-8.05664
9.44040,-8.05664
9.44541,-8.05664
9.45043,-8.05664
9.45545,-8.05664
9.46046,-8.05664
9.46548,-8.05664
9.47049,-8.05664
9.47551,-8.05664
9.48053,-8.05664
9.48554,-8.05664
9.49056,-8.05664
9.49558,-8.05664
9.50059,-8.05664
9.50561,-8.05664
9.51062,-8.05664
9.51564,-8.05664
9.52065,-8.05664
9.52567,-8.05664
9.53069,-8.05664
9.53570,-8.05664
9.54072,-8.05664
9.54573,-8.05664
9.55075,-8.05664
9.55576,-8.05664
9.56078,-8.05664
9.56580,-8.05664
9.57081,-8.05664
9.57583,-8.05664
9.58084,-8.05664
9.58586,-8.05664
9.59088,-8.05664
9.59589,-8.05664
9.60091,-8.05664
9.60592,-8.05664
9.61094,-8.05664
9.61595,-8.05664
9.62097,-8.05664
9.62599,-8.05664
9.63100,-8.05664
9.63602,-8.05664
9.64103,-8.05664
9.64605,-8.05664
9.65107,-8.05664
9.65608,-8.05664
9.66110,-8.05664
9.66611,-8.05664
9.67113,-8.05664
9.67614,-8.05664
9.68116,-8.05664
9.68618,-8.05664
9.69119,-8.05664
9.69621,-8.05664
9.70122,-8.05664
9.70624,-8.05664
9.71125,-8.05664
9.71627,-8.05664
9.72128,-8.05664
9.72630,-8.05664
9.73132,-8.05664
9.73633,-8.05664
9.74135,-8.05664
9.74636,-8.05664
9.75138,-8.05664
9.75639,-8.05664
9.76141,-8.05664
9.76643,-8.05664
9.77144,-8.05664
9.77646,-8.05664
9.78147,-8.05664
9.78649,-8.05664
9.79151,-8.05664
9.79652,-8.05664
9.80154,-8.05664
9.80655,-8.05664
9.81157,-8.05664
9.81659,-8.05664
9.82160,-8.05664
9.82662,-8.05664
9.83163,-8.05664
9.83665,-8.05664
9.84167,-8.05664
9.84668,-8.05664
9.85170,-8.05664
9.85671,-8.05664
9.86173,-8.05664
9.86674,-8.05664
9.87176,-8.05664
9.87678,-8.05664
9.88179,-8.05664
9.88681,-8.05664
9.89182,-8.05664
9.89684,-8.05664
9.90185,-8.05664
9.90687,-8.05664
9.91188,-8.05664
9.91690,-8.05664
9.92192,-8.05664
9.92693,-8.05664
9.93195,-8.05664
9.93696,-8.05664
9.94198,-8.05664
9.94700,-8.05664
9.95201,-8.05664
9.95703,-8.05664
9.96204,-8.05664
9.96706,-8.05664
9.97208,-8.05664
9.97709,-8.05664
9.98211,-8.05664
9.98712,-8.05664
9.99214,-8.05664
9.99715,-8.05664
10.00217,-8.05664
10.00719,-8.05664
10.01220,-8.05664
10.01722,-8.05664
10.02223,-8.05664
10.02725,-8.05664
10.03226,-8.05664
10.03728,-8.05664
10.04229,-8.05664
10.04731,-8.05664
10.05233,-8.05664
10.05734,-8.05664
10.06236,-8.05664
10.06737,-8.05664
10.07239,-8.05664
10.07740,-8.05664
10.08242,-8.05664
10.08743,-8.05664
10.09245,-8.05664
10.09747,-8.05664
10.10248,-8.05664
10.10750,-8.05664
10.11252,-8.05664
10.11753,-8.05664
10.12255,-8.05664
10.12756,-8.05664
10.13258,-8.05664
10.13759,-8.05664
10.14261,-8.05664
10.14762,-8.05664
10.15264,-8.05664
10.15766,-8.05664
10.16267,-8.05664
10.16769,-8.05664
10.17270,-8.05664
10.17772,-8.05664
10.18273,-8.05664
10.18775,-8.05664
10.19277,-6.44531
10.19778,-6.44531
10.20280,-8.05664
10.20781,-8.05664
10.21283,-6.44531
10.21785,-6.44531
10.22286,-8.05664
10.22788,-6.44531
10.23289,-8.05664
10.23791,-6.44531
10.24292,-6.44531
10.24794,-6.44531
10.25295,-6.44531
10.25797,-6.44531
10.26299,-6.44531
10.26800,-6.44531
10.27302,-6.44531
10.27803,-4.83398
10.28305,-6.44531
10.28807,-4.83398
10.29308,-6.44531
10.29810,-6.44531
10.30311,-6.44531
10.30813,-6.44531
10.31314,-4.83398
10.31816,-4.83398
10.32318,-4.83398
10.32819,-4.83398
10.33321,-4.83398
10.33822,-4.83398
10.34324,-4.83398
10.34825,-4.83398
10.35327,-4.83398
10.35828,-4.83398
10.36330,-4.83398
10.36832,-4.83398
10.37333,-4.83398
10.37835,-4.83398
10.38336,-4.83398
10.38838,-4.83398
10.39339,-4.83398
10.39841,-3.22266
10.40343,-3.22266
10.40844,-3.22266
10.41346,-3.22266
10.41847,-3.22266
10.42349,-3.22266
10.42850,-3.22266
10.43352,-3.22266
10.43854,-1.61133
10.44355,-1.61133
10.44857,-1.61133
10.45359,-1.61133
10.45860,-1.61133
10.46362,0.00000
10.46863,-1.61133
10.47365,0.00000
10.47866,0.00000
10.48368,1.61133
10.48869,1.61133
10.49371,1.61133
10.49873,1.61133
10.50374,1.61133
10.50876,3.22266
10.51377,3.22266
10.51879,3.22266
10.52380,4.83398
10.52882,4.83398
10.53383,4.83398
10.53885,4.83398
10.54387,6.44531
10.54888,6.44531
10.55390,8.05664
10.55891,8.05664
10.56393,8.05664
10.56894,9.66797
10.57396,11.27930
10.57897,11.27930
10.58399,11.27930
10.58901,12.89062
10.59402,14.50195
10.59904,16.11328
10.60406,16.11328
10.60907,17.72461
10.61409,19.33594
10.61910,19.33594
10.62412,22.55859
10.62913,24.16992
10.63415,24.16992
10.63917,25.78125
10.64418,29.00390
10.64920,30.61524
10.65421,30.61524
10.65923,32.22656
10.66424,35.44922
10.66926,37.06055
10.67427,40.28320
10.67929,41.89453
10.68431,43.50586
10.68932,46.72851
10.69434,48.33984
10.69935,51.56250
10.70437,54.78516
10.70938,59.61914
10.71440,61.23047
10.71941,64.45312
10.72443,67.67578
10.72945,72.50977
10.73446,75.73242
10.73948,80.56641
10.74450,83.78906
10.74951,88.62305
10.75453,93.45703
10.75954,98.29102
10.76456,103.12500
10.76957,107.95898
10.77459,112.79297
10.77961,117.62695
10.78462,124.07226
10.78964,128.90625
10.79465,135.35155
10.79967,141.79687
10.80468,148.24219
10.80970,154.68750
10.81471,162.74413
10.81973,169.18945
10.82475,177.24610
10.82976,183.69140
10.83478,191.74804
10.83979,199.80468
10.84481,207.86132
10.84982,215.91796
10.85484,223.97460
10.85985,233.64258
10.86487,241.69922
10.86989,249.75586
10.87490,257.81250
10.87992,267.48046
10.88493,275.53710
10.88995,283.59374
10.89496,293.26170
10.89998,302.92967
10.90500,310.98630
10.91001,320.65430
10.91503,330.32227
10.92005,339.99023
10.92506,349.65820
10.93008,359.32615
10.93509,370.60547
10.94011,380.27343
10.94512,389.94140
10.95014,401.22070
10.95515,410.88867
10.96017,420.55663
10.96518,430.22460
10.97020,439.89256
10.97522,449.56055
10.98023,459.22852
10.98525,467.28516
10.99026,476.95312
10.99528,485.00976
11.00029,493.06640
11.00531,502.73436
11.01033,509.17965
11.01534,517.23630
11.02036,523.68164
11.02537,530.12690
11.03039,534.96090
11.03541,541.40620
11.04042,546.24020
11.04544,552.68556
11.05045,555.90820
11.05547,560.74220
11.06048,565.57614
11.06550,568.79884
11.07052,572.02150
11.07553,575.24410
11.08055,578.46680
11.08556,581.68940
11.09058,584.91210
11.09559,588.13477
11.10061,591.35740
11.10563,592.96876
11.11064,596.19140
11.11566,599.41405
11.12067,601.02540
11.12569,604.24805
11.13070,605.85934
11.13572,607.47070
11.14073,610.69334
11.14575,612.30470
11.15077,613.91600
11.15578,617.13870
11.16080,618.75000
11.16581,620.36130
11.17083,623.58400
11.17584,625.19530
11.18086,626.80660
11.18587,628.41797
11.19089,630.02926
11.19591,631.64060
11.20092,634.86326
11.20594,638.08590
11.21095,641.30860
11.21597,644.53125
11.22099,647.75390
11.22600,650.97654
11.23102,655.81053
11.23603,659.03320
11.24105,663.86720
11.24607,668.70120
11.25108,673.53517
11.25610,678.36910
11.26111,683.20310
11.26613,688.03710
11.27114,692.87110
11.27616,699.31640
11.28118,704.15040
11.28619,708.98440
11.29121,713.81840
11.29622,720.26366
11.30124,725.09766
11.30626,729.93165
11.31127,734.76560
11.31629,739.59960
11.32130,744.43360
11.32632,749.26760
11.33133,754.10160
11.33635,758.93550
11.34136,763.76950
11.34638,768.60350
11.35140,771.82615
11.35641,778.27150
11.36143,781.49414
11.36644,786.32814
11.37146,789.55080
11.37648,794.38480
11.38149,799.21870
11.38651,802.44140
11.39153,807.27535
11.39654,812.10935
11.40156,816.94335
11.40658,821.77734
11.41159,825.00000
11.41661,828.22263
11.42162,833.05660
11.42664,837.89060
11.43165,841.11327
11.43667,845.94727
11.44169,850.78126
11.44670,855.61520
11.45172,860.44920
11.45673,866.89454
11.46175,873.33983
11.46677,884.61910
11.47178,900.73240
11.47680,928.12496
11.48181,968.40817
11.48683,1016.74810
11.49184,1063.47660
11.49686,1103.75980
11.50187,1126.31830
11.50689,1135.98630
11.51191,1137.59770
11.51692,1137.59770
11.52194,1137.59770
11.52695,1137.59770
11.53197,1137.59770
11.53699,1137.59770
11.54200,1135.98630
11.54702,1137.59770
11.55204,1135.98630
11.55705,1137.59770
11.56207,1137.59770
11.56708,1135.98630
11.57210,1135.98630
11.57711,1135.98630
11.58213,1135.98630
11.58714,1135.98630
11.59216,1135.98630
11.59718,1135.98630
11.60219,1135.98630
11.60721,1135.98630
11.61222,1134.37500
11.61724,1134.37500
11.62226,1134.37500
11.62727,1134.37500
11.63229,1135.98630
11.63730,1134.37500
11.64232,1134.37500
11.64733,1134.37500
11.65235,1134.37500
11.65737,1132.76360
11.66238,1132.76360
11.66740,1134.37500
11.67241,1134.37500
11.67743,1134.37500
11.68245,1132.76360
11.68746,1134.37500
11.69248,1132.76360
11.69749,1134.37500
11.70251,1132.76360
11.70753,1134.37500
11.71255,1132.76360
11.71756,1132.76360
11.72258,1134.37500
11.72760,1132.76360
11.73261,1134.37500
11.73763,1134.37500
11.74265,1134.37500
11.74766,1134.37500
11.75268,1134.37500
11.75770,1134.37500
11.76271,1134.37500
11.76773,1134.37500
11.77275,1134.37500
11.77776,1134.37500
11.78278,1132.76360
11.78779,1134.37500
11.79281,1134.37500
11.79783,1132.76360
11.80284,1132.76360
11.80786,1132.76360
11.81287,1132.76360
11.81789,1132.76360
11.82291,1132.76360
11.82792,1132.76360
11.83294,1132.76360
11.83795,1132.76360
11.84297,1132.76360
11.84799,1132.76360
11.85300,1132.76360
11.85802,1132.76360
11.86304,1132.76360
11.86805,1132.76360
11.87307,1132.76360
11.87809,1132.76360
11.88310,1132.76360
11.88812,1132.76360
11.89313,1132.76360
11.89815,1131.15230
11.90316,1131.15230
11.90818,1132.76360
11.91320,1131.15230
11.91821,1131.15230
11.92323,1131.15230
11.92825,1131.15230
11.93326,1131.15230
11.93828,1131.15230
11.94329,1131.15230
11.94831,1131.15230
11.95332,1131.15230
11.95834,1131.15230
11.96336,1131.15230
11.96837,1131.15230
11.97339,1129.54100
11.97840,1129.54100
11.98342,1129.54100
11.98844,1129.54100
11.99345,1129.54100
11.99847,1129.54100
12.00348,1129.54100
12.00850,1129.54100
12.01352,1127.92970
12.01854,1127.92970
12.02355,1127.92970
12.02857,1127.92970
12.03358,1127.92970
12.03860,1127.92970
12.04362,1127.92970
12.04863,1127.92970
12.05365,1127.92970
12.05866,1127.92970
12.06368,1129.54100
12.06869,1129.54100
12.07371,1127.92970
12.07873,1129.54100
12.08374,1129.54100
12.08876,1129.54100
12.09377,1127.92970
12.09879,1129.54100
12.10380,1129.54100
12.10882,1127.92970
12.11383,1127.92970
12.11885,1127.92970
12.12387,1127.92970
12.12888,1127.92970
12.13390,1127.92970
12.13892,1127.92970
12.14393,1126.31830
12.14895,1126.31830
12.15397,1126.31830
12.15898,1126.31830
12.16400,1126.31830
12.16902,1126.31830
12.17403,1126.31830
12.17905,1124.70700
12.18406,1126.31830
12.18908,1124.70700
12.19410,1126.31830
12.19911,1126.31830
12.20413,1124.70700
12.20914,1126.31830
12.21416,1126.31830
12.21917,1126.31830
12.22419,1126.31830
12.22921,1126.31830
12.23422,1126.31830
12.23924,1126.31830
12.24425,1126.31830
12.24927,1126.31830
12.25428,1126.31830
12.25930,1126.31830
12.26431,1126.31830
12.26933,1126.31830
12.27435,1124.70700
12.27936,1124.70700
12.28438,1124.70700
12.28939,1124.70700
12.29441,1124.70700
12.29942,1123.09560
12.30444,1123.09560
12.30946,1121.48440
12.31447,1121.48440
12.31949,1121.48440
12.32451,1119.87300
12.32952,1119.87300
12.33454,1119.87300
12.33955,1118.26170
12.34457,1118.26170
12.34958,1116.65030
12.35460,1116.65030
12.35961,1116.65030
12.36463,1116.65030
12.36965,1116.65030
12.37466,1116.65030
12.37968,1115.03900
12.38469,1116.65030
12.38971,1115.03900
12.39472,1115.03900
12.39974,1115.03900
12.40476,1115.03900
12.40977,1115.03900
12.41479,1115.03900
12.41980,1115.03900
12.42482,1115.03900
12.42983,1115.03900
12.43485,1115.03900
12.43986,1115.03900
12.44488,1116.65030
12.44990,1115.03900
12.45491,1116.65030
12.45993,1115.03900
12.46494,1115.03900
12.46996,1115.03900
12.47498,1116.65030
12.47999,1116.65030
12.48501,1116.65030
12.49002,1116.65030
12.49504,1116.65030
12.50005,1118.26170
12.50507,1118.26170
12.51009,1118.26170
12.51510,1119.87300
12.52012,1119.87300
12.52513,1119.87300
12.53015,1121.48440
12.53516,1123.09560
12.54018,1123.09560
12.54520,1123.09560
12.55021,1123.09560
12.55523,1123.09560
12.56024,1124.70700
12.56526,1124.70700
12.57027,1124.70700
12.57529,1126.31830
12.58030,1126.31830
12.58532,1126.31830
12.59034,1124.70700
12.59535,1124.70700
12.60037,1126.31830
12.60538,1126.31830
12.61040,1126.31830
12.61542,1126.31830
12.62043,1126.31830
12.62545,1124.70700
12.63046,1124.70700
12.63548,1124.70700
12.64049,1124.70700
12.64551,1124.70700
12.65053,1124.70700
12.65554,1124.70700
12.66056,1123.09560
12.66557,1123.09560
12.67059,1123.09560
12.67560,1121.48440
12.68062,1121.48440
12.68563,1121.48440
12.69065,1119.87300
12.69567,1119.87300
12.70068,1119.87300
12.70570,1119.87300
12.71072,1119.87300
12.71573,1119.87300
12.72075,1119.87300
12.72576,1119.87300
12.73078,1119.87300
12.73579,1119.87300
12.74081,1119.87300
12.74583,1121.48440
12.75085,1119.87300
12.75586,1121.48440
12.76088,1121.48440
12.76590,1121.48440
12.77091,1121.48440
12.77593,1121.48440
12.78095,1121.48440
12.78596,1121.48440
12.79098,1121.48440
12.79600,1119.87300
12.80101,1119.87300
12.80603,1119.87300
12.81105,1119.87300
12.81606,1119.87300
12.82108,1119.87300
12.82609,1119.87300
12.83111,1119.87300
12.83613,1119.87300
12.84114,1119.87300
12.84616,1119.87300
12.85117,1119.87300
12.85619,1119.87300
12.86120,1119.87300
12.86622,1119.87300
12.87124,1119.87300
12.87625,1121.48440
12.88127,1121.48440
12.88629,1121.48440
12.89130,1121.48440
12.89632,1121.48440
12.90133,1121.48440
12.90635,1121.48440
12.91137,1121.48440
12.91638,1121.48440
12.92140,1121.48440
12.92642,1123.09560
12.93143,1123.09560
12.93645,1123.09560
12.94147,1121.48440
12.94648,1121.48440
12.95150,1123.09560
12.95652,1121.48440
12.96153,1123.09560
12.96655,1123.09560
12.97156,1123.09560
12.97658,1121.48440
12.98160,1121.48440
12.98661,1121.48440
12.99163,1121.48440
12.99665,1121.48440
13.00166,1119.87300
13.00668,1119.87300
13.01170,1119.87300
13.01671,1119.87300
13.02173,1119.87300
13.02675,1119.87300
13.03176,1119.87300
13.03678,1121.48440
13.04179,1119.87300
13.04681,1119.87300
13.05183,1121.48440
13.05684,1119.87300
13.06186,1119.87300
13.06687,1119.87300
13.07189,1119.87300
13.07691,1119.87300
13.08192,1119.87300
13.08694,1119.87300
13.09196,1118.26170
13.09697,1118.26170
13.10199,1118.26170
13.10701,1118.26170
13.11202,1116.65030
13.11704,1118.26170
13.12206,1118.26170
13.12707,1118.26170
13.13209,1116.65030
13.13711,1116.65030
13.14212,1115.03900
13.14714,1115.03900
13.15216,1115.03900
13.15717,1115.03900
13.16219,1115.03900
13.16720,1115.03900
13.17222,1115.03900
13.17723,1115.03900
13.18225,1115.03900
13.18727,1113.42780
13.19228,1113.42780
13.19730,1113.42780
13.20231,1115.03900
13.20733,1115.03900
13.21234,1113.42780
13.21736,1113.42780
13.22237,1113.42780
13.22739,1113.42780
13.23241,1113.42780
13.23742,1113.42780
13.24244,1113.42780
13.24746,1113.42780
13.25247,1113.42780
13.25749,1113.42780
13.26251,1113.42780
13.26752,1113.42780
13.27254,1113.42780
13.27755,1113.42780
13.28257,1113.42780
13.28759,1113.42780
13.29260,1113.42780
13.29762,1115.03900
13.30263,1115.03900
13.30765,1113.42780
13.31267,1113.42780
13.31768,1113.42780
13.32270,1113.42780
13.32771,1113.42780
13.33273,1111.81640
13.33774,1111.81640
13.34276,1111.81640
13.34778,1111.81640
13.35279,1111.81640
13.35781,1111.81640
13.36282,1110.20500
13.36784,1110.20500
13.37285,1111.81640
13.37787,1110.20500
13.38289,1110.20500
13.38790,1110.20500
13.39292,1110.20500
13.39794,1110.20500
13.40295,1110.20500
13.40797,1110.20500
13.41299,1111.81640
13.41800,1110.20500
13.42302,1110.20500
13.42803,1110.20500
13.43305,1110.20500
13.43806,1110.20500
13.44308,1110.20500
13.44810,1110.20500
13.45311,1110.20500
13.45813,1110.20500
13.46314,1108.59370
13.46816,1108.59370
13.47317,1108.59370
13.47819,1106.98240
13.48320,1108.59370
13.48822,1108.59370
13.49324,1108.59370
13.49825,1108.59370
13.50327,1106.98240
13.50828,1106.98240
13.51330,1106.98240
13.51831,1106.98240
13.52333,1106.98240
13.52834,1106.98240
13.53336,1106.98240
13.53838,1106.98240
13.54339,1106.98240
13.54841,1106.98240
13.55343,1106.98240
13.55844,1106.98240
13.56346,1106.98240
13.56847,1106.98240
13.57349,1106.98240
13.57851,1106.98240
13.58352,1106.98240
13.58854,1106.98240
13.59355,1108.59370
13.59857,1106.98240
13.60359,1106.98240
13.60860,1105.37110
13.61362,1105.37110
13.61863,1103.75980
13.62365,1103.75980
13.62866,1103.75980
13.63368,1105.37110
13.63870,1106.98240
13.64371,1108.59370
13.64873,1111.81640
13.65374,1118.26170
13.65876,1124.70700
13.66377,1127.92970
13.66879,1132.76360
13.67381,1134.37500
13.67882,1132.76360
13.68384,551.07420
13.68885,386.71875
13.69387,275.53710
13.69889,191.74804
13.70390,133.74023
13.70892,91.84570
13.71393,64.45312
13.71895,46.72851
13.72397,35.44922
13.72898,27.39258
13.73400,22.55859
13.73901,19.33594
13.74403,17.72461
13.74905,16.11328
13.75406,14.50195
13.75908,14.50195
13.76409,14.50195
13.76911,12.89062
13.77412,12.89062
13.77914,12.89062
13.78416,12.89062
13.78917,12.89062
13.79419,12.89062
13.79920,12.89062
13.80422,12.89062
13.80923,12.89062
13.81425,12.89062
13.81926,12.89062
13.82428,12.89062
13.82930,12.89062
13.83431,12.89062
13.83933,12.89062
13.84434,12.89062
13.84936,12.89062
13.85437,12.89062
13.85939,12.89062
13.86441,12.89062
13.86942,12.89062
13.87444,12.89062
13.87945,12.89062
13.88447,12.89062
13.88949,12.89062
13.89450,12.89062
13.89952,12.89062
13.90453,12.89062
13.90955,12.89062
13.91456,12.89062
13.91958,12.89062
13.92459,12.89062
13.92961,12.89062
13.93463,12.89062
13.93964,12.89062
13.94466,12.89062
13.94967,12.89062
13.95469,12.89062
13.95970,12.89062
13.96472,12.89062
13.96973,12.89062
13.97475,12.89062
13.97977,12.89062
13.98478,12.89062
13.98980,12.89062
13.99481,12.89062
13.99983,12.89062
14.00484,12.89062
14.00986,12.89062
14.01487,12.89062
14.01989,12.89062
14.02491,12.89062
14.02992,12.89062
14.03494,12.89062
14.03996,12.89062
14.04497,12.89062
14.04999,12.89062
14.05500,12.89062
14.06002,12.89062
14.06503,12.89062
14.07005,12.89062
14.07507,12.89062
14.08008,12.89062
14.08510,12.89062
14.09011,12.89062
14.09513,12.89062
14.10014,12.89062
14.10516,12.89062
14.11017,12.89062
14.11519,12.89062
14.12021,12.89062
14.12522,12.89062
14.13024,12.89062
14.13525,12.89062
14.14027,12.89062
14.14528,12.89062
14.15030,12.89062
14.15531,12.89062
14.16033,12.89062
14.16535,12.89062
14.17036,12.89062
14.17538,12.89062
14.18039,12.89062
14.18541,12.89062
14.19043,12.89062
14.19544,12.89062
14.20046,12.89062
14.20547,12.89062
14.21049,12.89062
14.21551,12.89062
14.22052,12.89062
14.22554,12.89062
14.23055,12.89062
14.23557,12.89062
14.24058,12.89062
14.24560,12.89062
14.25061,12.89062
14.25563,12.89062
14.26065,12.89062
14.26566,12.89062
14.27068,12.89062
14.27569,12.89062
14.28071,12.89062
14.28573,12.89062
14.29074,12.89062
14.29576,12.89062
14.30077,12.89062
14.30579,12.89062
14.31081,12.89062
14.31583,12.89062
14.32084,12.89062
14.32586,12.89062
14.33088,12.89062
14.33589,12.89062
14.34091,12.89062
14.34592,12.89062
14.35094,12.89062
14.35596,12.89062
14.36098,12.89062
14.36599,12.89062
14.37101,12.89062
14.37603,12.89062
14.38104,12.89062
14.38606,12.89062
14.39108,12.89062
14.39609,12.89062
14.40111,12.89062
14.40612,12.89062
14.41114,12.89062
14.41616,12.89062
14.42117,12.89062
14.42619,12.89062
14.43121,12.89062
14.43623,12.89062
14.44124,12.89062
14.44626,12.89062
14.45127,12.89062
14.45629,12.89062
14.46130,12.89062
14.46632,12.89062
14.47134,12.89062
14.47635,12.89062
14.48137,12.89062
14.48639,12.89062
14.49140,12.89062
14.49642,12.89062
14.50144,12.89062
14.50645,12.89062
14.51147,12.89062
14.51649,12.89062
14.52150,12.89062
14.52652,12.89062
14.53154,12.89062
14.53655,12.89062
14.54157,12.89062
14.54659,12.89062
14.55160,12.89062
14.55662,12.89062
14.56164,12.89062
14.56666,12.89062
14.57167,12.89062
14.57669,12.89062
14.58171,12.89062
14.58672,12.89062
14.59174,12.89062
14.59676,12.89062
14.60177,12.89062
14.60679,12.89062
14.61181,12.89062
14.61682,12.89062
14.62184,12.89062
14.62685,12.89062
14.63187,12.89062
14.63688,12.89062
14.64190,12.89062
14.64692,12.89062
14.65193,12.89062
14.65695,12.89062
14.66197,12.89062
14.66698,12.89062
14.67200,12.89062
14.67701,12.89062
14.68203,12.89062
14.68704,12.89062
14.69206,12.89062
14.69708,12.89062
14.70209,12.89062
14.70711,12.89062
14.71212,12.89062
14.71714,12.89062
14.72216,12.89062
14.72717,12.89062
14.73219,12.89062
14.73720,12.89062
14.74222,12.89062
14.74723,12.89062
14.75225,12.89062
14.75727,12.89062
14.76228,12.89062
14.76730,12.89062
14.77231,12.89062
14.77733,12.89062
14.78234,12.89062
14.78736,12.89062
14.79237,12.89062
14.79739,12.89062
14.80241,12.89062
14.80743,12.89062
14.81244,12.89062
14.81746,12.89062
14.82247,12.89062
14.82749,12.89062
14.83250,12.89062
14.83752,12.89062
14.84254,12.89062
14.84755,12.89062
14.85257,12.89062
14.85758,12.89062
14.86260,12.89062
14.86762,12.89062
14.87263,12.89062
14.87765,12.89062
14.88266,12.89062
14.88768,12.89062
14.89270,12.89062
14.89771,12.89062
14.90273,12.89062
14.90775,12.89062
14.91276,12.89062
14.91778,12.89062
14.92279,12.89062
14.92781,12.89062
14.93282,12.89062
14.93784,12.89062
14.94286,12.89062
14.94787,12.89062
14.95289,12.89062
14.95791,12.89062
14.96292,12.89062
14.96794,12.89062
14.97296,12.89062
14.97797,12.89062
14.98298,12.89062
14.98800,12.89062
14.99302,12.89062
14.99803,12.89062
15.00305,12.89062
15.00806,12.89062
15.01308,12.89062
15.01809,12.89062
15.02311,12.89062
15.02812,12.89062
15.03314,12.89062
15.03816,12.89062
15.04317,12.89062
15.04819,12.89062
15.05320,12.89062
15.05822,12.89062
15.06324,12.89062
15.06825,12.89062
15.07327,12.89062
15.07828,12.89062
15.08330,12.89062
15.08831,12.89062
15.09333,12.89062
15.09834,12.89062
15.10336,12.89062
15.10838,12.89062
15.11339,12.89062
15.11841,12.89062
15.12342,12.89062
15.12844,12.89062
15.13346,12.89062
15.13847,12.89062
15.14349,12.89062
15.14850,12.89062
15.15352,12.89062
15.15853,12.89062
15.16355,12.89062
15.16857,12.89062
15.17358,12.89062
15.17860,12.89062
15.18361,12.89062
15.18863,12.89062
15.19364,12.89062
15.19866,12.89062
15.20368,12.89062
15.20869,12.89062
15.21371,12.89062
15.21872,12.89062
15.22374,12.89062
15.22875,12.89062
15.23377,12.89062
15.23878,12.89062
15.24380,12.89062
15.24882,12.89062
15.25383,12.89062
15.25885,12.89062
15.26386,12.89062
15.26888,12.89062
15.27389,12.89062
15.27891,12.89062
15.28393,12.89062
15.28894,12.89062
15.29396,12.89062
15.29898,12.89062
15.30399,12.89062
15.30901,12.89062
15.31402,12.89062
15.31904,12.89062
15.32406,12.89062
15.32907,12.89062
15.33409,12.89062
15.33910,12.89062
15.34412,12.89062
15.34913,12.89062
15.35415,12.89062
15.35917,12.89062
15.36418,12.89062
15.36920,12.89062
15.37421,12.89062
15.37923,12.89062
15.38424,12.89062
15.38926,12.89062
15.39428,12.89062
15.39929,12.89062
15.40431,12.89062
15.40932,12.89062
15.41434,12.89062
15.41935,12.89062
15.42437,12.89062
15.42938,12.89062
15.43440,12.89062
15.43942,12.89062
15.44443,12.89062
15.44945,12.89062
15.45447,12.89062
15.45948,12.89062
15.46450,12.89062
15.46951,12.89062
15.47453,12.89062
15.47954,12.89062
15.48456,12.89062
15.48958,12.89062
15.49459,12.89062
15.49961,12.89062
15.50462,12.89062
15.50964,12.89062
15.51465,12.89062
15.51967,12.89062
15.52468,12.89062
15.52970,12.89062
15.53472,12.89062
15.53973,12.89062
15.54475,12.89062
15.54976,12.89062
15.55478,12.89062
15.55979,12.89062
15.56481,12.89062
15.56982,12.89062
15.57484,12.89062
15.57986,12.89062
15.58487,12.89062
15.58989,12.89062
15.59491,12.89062
15.59992,12.89062
15.60494,12.89062
15.60995,12.89062
15.61497,12.89062
15.61998,12.89062
15.62500,12.89062
15.63002,12.89062
15.63503,12.89062
15.64005,12.89062
15.64506,12.89062
15.65008,12.89062
15.65509,12.89062
15.66011,12.89062
15.66512,12.89062
15.67014,12.89062
15.67516,12.89062
15.68017,12.89062
15.68519,12.89062
15.69020,12.89062
15.69522,12.89062
15.70023,12.89062
15.70525,12.89062
15.71027,12.89062
15.71528,12.89062
15.72030,12.89062
15.72531,12.89062
15.73033,12.89062
15.73535,12.89062
15.74036,12.89062
15.74538,12.89062
15.75039,12.89062
15.75541,12.89062
15.76043,12.89062
15.76544,12.89062
15.77046,12.89062
15.77547,12.89062
15.78049,12.89062
15.78551,12.89062
15.79052,12.89062
15.79554,12.89062
15.80055,12.89062
15.80557,12.89062
15.81058,12.89062
15.81560,12.89062
15.82062,12.89062
15.82563,12.89062
15.83065,12.89062
15.83566,12.89062
15.84068,12.89062
15.84569,12.89062
15.85071,12.89062
15.85573,12.89062
15.86074,12.89062
15.86576,12.89062
15.87077,12.89062
15.87579,12.89062
15.88080,12.89062
15.88582,12.89062
15.89084,12.89062
15.89585,12.89062
15.90087,12.89062
15.90588,12.89062
15.91090,12.89062
15.91592,12.89062
15.92093,12.89062
15.92595,12.89062
15.93096,12.89062
15.93598,12.89062
15.94099,12.89062
15.94601,12.89062
15.95103,12.89062
15.95604,12.89062
15.96106,12.89062
15.96607,12.89062
15.97109,12.89062
15.97611,12.89062
15.98112,12.89062
15.98614,12.89062
15.99115,12.89062
15.99617,12.89062
16.00118,12.89062
16.00620,12.89062
16.01121,12.89062
16.01623,12.89062
16.02125,12.89062
16.02626,12.89062
16.03128,12.89062
16.03629,12.89062
16.04131,12.89062
16.04632,12.89062
16.05134,12.89062
16.05636,12.89062
16.06137,12.89062
16.06639,12.89062
16.07140,12.89062
16.07642,12.89062
16.08144,12.89062
16.08645,12.89062
16.09147,12.89062
16.09648,12.89062
16.10150,12.89062
16.10651,12.89062
16.11153,12.89062
16.11655,12.89062
16.12156,12.89062
16.12658,12.89062
16.13159,12.89062
16.13661,12.89062
16.14163,12.89062
16.14664,12.89062
16.15166,12.89062
16.15667,12.89062
16.16169,12.89062
16.16671,12.89062
16.17172,12.89062
16.17674,12.89062
16.18175,12.89062
16.18677,12.89062
16.19179,12.89062
16.19680,12.89062
16.20182,12.89062
16.20684,12.89062
16.21185,12.89062
16.21687,12.89062
16.22189,12.89062
16.22690,12.89062
16.23192,12.89062
16.23694,12.89062
16.24195,12.89062
16.24697,12.89062
16.25198,12.89062
16.25700,12.89062
16.26202,12.89062
16.26703,12.89062
16.27205,12.89062
16.27706,12.89062
16.28208,12.89062
16.28710,12.89062
16.29211,12.89062
16.29713,12.89062
16.30214,12.89062
16.30716,12.89062
16.31217,12.89062
16.31719,12.89062
16.32221,12.89062
16.32722,12.89062
16.33224,12.89062
16.33725,12.89062
16.34227,12.89062
16.34729,12.89062
16.35230,12.89062
16.35732,12.89062
16.36234,12.89062
16.36735,12.89062
16.37237,12.89062
16.37739,12.89062
16.38240,12.89062
16.38742,12.89062
16.39244,12.89062
16.39745,12.89062
16.40247,12.89062
16.40748,12.89062
16.41250,12.89062
16.41752,12.89062
16.42253,12.89062
16.42755,12.89062
16.43256,12.89062
16.43758,12.89062
16.44259,12.89062
16.44761,12.89062
16.45263,12.89062
16.45764,12.89062
16.46266,12.89062
16.46767,12.89062
16.47269,12.89062
16.47770,12.89062
16.48272,12.89062
16.48774,12.89062
16.49275,12.89062
16.49777,12.89062
16.50278,12.89062
16.50780,12.89062
16.51281,12.89062
16.51783,12.89062
16.52285,12.89062
16.52786,12.89062
16.53288,12.89062
16.53789,12.89062
16.54291,12.89062
16.54793,12.89062
16.55294,12.89062
16.55796,12.89062
16.56297,12.89062
16.56799,12.89062
16.57300,12.89062
16.57802,12.89062
16.58304,12.89062
16.58805,12.89062
16.59307,12.89062
16.59808,12.89062
16.60310,12.89062
16.60812,12.89062
16.61313,12.89062
16.61815,12.89062
16.62316,12.89062
16.62818,12.89062
16.63319,12.89062
16.63821,12.89062
16.64323,12.89062
16.64824,12.89062
16.65326,12.89062
16.65828,12.89062
16.66329,12.89062
16.66831,12.89062
16.67333,12.89062
16.67835,12.89062
16.68336,12.89062
16.68838,12.89062
16.69340,12.89062
16.69842,12.89062
16.70343,12.89062
16.70845,12.89062
16.71347,12.89062
16.71849,12.89062
16.72350,12.89062
16.72852,12.89062
16.73353,12.89062
16.73855,12.89062
16.74357,12.89062
16.74859,12.89062
16.75360,12.89062
16.75862,12.89062
16.76364,12.89062
16.76865,12.89062
16.77367,12.89062
16.77869,12.89062
16.78370,12.89062
16.78872,12.89062
16.79374,12.89062
16.79875,12.89062
16.80377,12.89062
16.80879,12.89062
16.81380,12.89062
16.81882,12.89062
16.82383,12.89062
16.82885,12.89062
16.83387,12.89062
16.83888,12.89062
16.84390,12.89062
16.84892,12.89062
16.85393,12.89062
16.85894,12.89062
16.86396,12.89062
16.86898,12.89062
16.87399,12.89062
16.87901,12.89062
16.88403,12.89062
16.88904,12.89062
16.89406,12.89062
16.89907,12.89062
16.90409,12.89062
16.90910,12.89062
16.91412,12.89062
16.91913,12.89062
16.92415,12.89062
16.92917,12.89062
16.93418,12.89062
16.93920,12.89062
16.94421,12.89062
16.94923,12.89062
16.95424,12.89062
16.95926,12.89062
16.96428,12.89062
16.96929,12.89062
16.97431,12.89062
16.97932,12.89062
16.98434,12.89062
16.98935,12.89062
16.99437,12.89062
16.99939,12.89062
17.00440,12.89062
17.00942,12.89062
17.01443,12.89062
17.01945,12.89062
17.02447,12.89062
17.02948,12.89062
17.03450,12.89062
17.03952,12.89062
17.04453,12.89062
17.04955,12.89062
17.05456,12.89062
17.05958,12.89062
17.06460,12.89062
17.06961,12.89062
17.07463,12.89062
17.07964,12.89062
17.08466,12.89062
17.08968,12.89062
17.09469,12.89062
17.09971,12.89062
17.10472,12.89062
17.10974,12.89062
17.11475,12.89062
17.11977,12.89062
17.12479,12.89062
17.12980,12.89062
17.13482,12.89062
17.13984,12.89062
17.14485,12.89062
17.14987,12.89062
17.15488,12.89062
17.15990,12.89062
17.16492,12.89062
17.16993,12.89062
17.17495,12.89062
17.17996,12.89062
17.18498,12.89062
17.19000,12.89062
17.19501,12.89062
17.20003,12.89062
17.20504,12.89062
17.21006,12.89062
17.21507,12.89062
17.22009,12.89062
17.22510,12.89062
17.23012,12.89062
17.23514,12.89062
17.24015,12.89062
17.24517,12.89062
17.25018,12.89062
17.25520,12.89062
17.26021,12.89062
17.26523,12.89062
17.27024,12.89062
17.27526,12.89062
17.28028,12.89062
17.28529,12.89062
17.29031,12.89062
17.29532,12.89062
17.30034,12.89062
17.30536,12.89062
17.31037,12.89062
17.31539,12.89062
17.32041,12.89062
17.32542,12.89062
17.33044,12.89062
17.33545,12.89062
17.34047,12.89062
17.34548,12.89062
17.35050,12.89062
17.35552,12.89062
17.36053,12.89062
17.36555,12.89062
17.37057,12.89062
17.37558,12.89062
17.38060,12.89062
17.38561,12.89062
17.39063,12.89062
17.39564,12.89062
17.40066,12.89062
17.40568,12.89062
17.41069,12.89062
17.41571,12.89062
17.42072,12.89062
17.42574,12.89062
17.43075,12.89062
17.43577,12.89062
17.44079,12.89062
17.44580,12.89062
17.45082,12.89062
17.45583,12.89062
17.46085,12.89062
17.46587,12.89062
17.47088,12.89062
17.47590,12.89062
17.48092,12.89062
17.48593,12.89062
17.49095,12.89062
17.49596,12.89062
17.50098,12.89062
17.50599,12.89062
17.51101,12.89062
17.51603,12.89062
17.52104,12.89062
17.52606,12.89062
17.53108,12.89062
17.53609,12.89062
17.54111,12.89062
17.54612,12.89062
17.55114,12.89062
17.55616,12.89062
17.56117,12.89062
17.56619,12.89062
17.57120,12.89062
17.57622,12.89062
17.58124,12.89062
17.58625,12.89062
17.59127,12.89062
17.59628,12.89062
17.60130,12.89062
17.60632,12.89062
17.61133,12.89062
17.61635,12.89062
17.62137,12.89062
17.62638,12.89062
17.63140,12.89062
17.63641,12.89062
17.64143,12.89062
17.64644,12.89062
17.65146,12.89062
17.65648,12.89062
17.66149,12.89062
17.66651,12.89062
17.67152,12.89062
17.67654,12.89062
17.68155,12.89062
17.68657,12.89062
17.69159,12.89062
17.69661,12.89062
17.70162,12.89062
17.70664,12.89062
17.71166,12.89062
17.71667,12.89062
17.72169,12.89062
17.72671,12.89062
17.73172,12.89062
17.73674,12.89062
17.74176,12.89062
17.74677,12.89062
17.75179,12.89062
17.75681,12.89062
17.76183,12.89062
17.76684,12.89062
17.77186,12.89062
17.77688,12.89062
17.78190,12.89062
17.78692,12.89062
17.79193,12.89062
17.79695,12.89062
17.80197,12.89062
17.80698,12.89062
17.81200,12.89062
17.81702,12.89062
17.82203,12.89062
17.82705,12.89062
17.83207,12.89062
17.83708,12.89062
17.84210,12.89062
17.84712,12.89062
17.85213,12.89062
17.85715,12.89062
17.86217,12.89062
17.86718,12.89062
17.87220,12.89062
17.87722,12.89062
17.88223,12.89062
17.88725,12.89062
17.89227,12.89062
17.89729,12.89062
17.90230,12.89062
17.90732,12.89062
17.91234,12.89062
17.91736,12.89062
17.92237,12.89062
17.92739,12.89062
17.93241,12.89062
17.93743,12.89062
17.94244,12.89062
17.94746,12.89062
17.95247,12.89062
17.95749,12.89062
17.96251,12.89062
17.96753,12.89062
17.97254,12.89062
17.97756,12.89062
17.98258,12.89062
17.98759,12.89062
17.99261,12.89062
17.99763,12.89062
18.00264,12.89062
18.00766,12.89062
18.01268,12.89062
18.01770,12.89062
18.02271,12.89062
18.02773,12.89062
18.03275,12.89062
18.03776,12.89062
18.04278,12.89062
18.04780,12.89062
18.05282,12.89062
18.05783,12.89062
18.06285,12.89062
18.06787,12.89062
18.07289,12.89062
18.07791,12.89062
18.08292,12.89062
18.08794,12.89062
18.09296,12.89062
18.09798,12.89062
18.10299,12.89062
18.10801,12.89062
